restaurant_name,food_item,description,price,special_price,special_from,,,special_to,packaging_charge,max_packaging_charge,status,available_from,available_to,breakfast_available_from,breakfast_available_to,lunch_available_from,lunch_available_to,dinner_available_from,dinner_available_to,available_days,item_status,image,main_cat,sub_cat,recommended,ingredients,cat_order,product_order
ARAFA CHICKEN PARK,Hyderabadi Chicken Biriyani,Basmati Rice/Egg/Raitha/Sweet,242,,,,,,0,0,Non Veg,11:00AM,10:30PM,,,,,,,"1,2,3,4,5,6,7",1,,Hyderabadi Biriyani,,0,,1,1
ARAFA CHICKEN PARK,Hyderabadi Chicken Biriyani 1/2,Basmati Rice/Egg/Raitha/Sweet,176,,,,,,0,0,Non Veg,11:00AM,10:30PM,,,,,,,"1,2,3,4,5,6,7",1,,Hyderabadi Biriyani,,0,,1,2
ARAFA CHICKEN PARK,Hyderabadi Plain Chicken Biriyani,Basmati Rice/Egg/Raitha/Sweet,176,,,,,,0,0,Non Veg,11:00AM,10:30PM,,,,,,,"1,2,3,4,5,6,7",1,,Hyderabadi Biriyani,,0,,1,3
ARAFA CHICKEN PARK,Hyderabadi Egg Biriyani,Basmati Rice/Egg/Raitha/Sweet,187,,,,,,0,0,Non Veg,11:00AM,10:30PM,,,,,,,"1,2,3,4,5,6,7",1,,Hyderabadi Biriyani,,0,,1,4
ARAFA CHICKEN PARK,Hyderabadi Mutton Biryani,Basmati Rice/Egg/Raitha/Sweet,319,,,,,,0,0,Non Veg,11:00AM,10:30PM,,,,,,,"1,2,3,4,5,6,7",1,,Hyderabadi Biriyani,,0,,1,5
ARAFA CHICKEN PARK,Hyderabadi Mutton Biriyani Half,Basmati Rice/Egg/Raitha/Sweet,220,,,,,,0,0,Non Veg,11:00AM,10:30PM,,,,,,,"1,2,3,4,5,6,7",1,,Hyderabadi Biriyani,,0,,1,6
ARAFA CHICKEN PARK,Hyderabadi Mutton Biriyani Plain,Basmati Rice/Egg/Raitha/Sweet,176,,,,,,0,0,Non Veg,11:00AM,10:30PM,,,,,,,"1,2,3,4,5,6,7",1,,Hyderabadi Biriyani,,0,,1,7
ARAFA CHICKEN PARK,Mughal Chicken Biriyani,Seeragasamba Rice/Raitha/Sweet,165,,,,,,0,0,Non Veg,11:00AM,10:30PM,,,,,,,"1,2,3,4,5,6,7",1,,Mughal Biriyani,,0,,2,1
ARAFA CHICKEN PARK,Mughal Chicken Biriyani Half,Seeragasamba Rice/Raitha/Sweet,110,,,,,,0,0,Non Veg,11:00AM,10:30PM,,,,,,,"1,2,3,4,5,6,7",1,,Mughal Biriyani,,0,,2,2
ARAFA CHICKEN PARK,Mughal Chicken Biriyani Plain,Seeragasamba Rice/Raitha/Sweet,110,,,,,,0,0,Non Veg,11:00AM,10:30PM,,,,,,,"1,2,3,4,5,6,7",1,,Mughal Biriyani,,0,,2,3
ARAFA CHICKEN PARK,Bucket Biriyani Hyderabad Chicken Full,Basmati Rice/Egg/Raitha/Rawa Firmi Sweet (8 Persons),1595,,,,,,0,0,Non Veg,11:00AM,10:30PM,,,,,,,"1,2,3,4,5,6,7",1,,Bucket Biriyani,,0,,3,1
ARAFA CHICKEN PARK,Bucket Biriyani Hyderabad Chicken Half,Basmati Rice/Egg/Raitha/Rawa Firmi Sweet (4 Persons),825,,,,,,0,0,Non Veg,11:00AM,10:30PM,,,,,,,"1,2,3,4,5,6,7",1,,Bucket Biriyani,,0,,3,2
ARAFA CHICKEN PARK,Bucket Biriyani Mughal Chicken Biriyani Full,Basmati Rice/Egg/Raitha/Rawa Firmi Sweet (4 Persons),1320,,,,,,0,0,Non Veg,11:00AM,10:30PM,,,,,,,"1,2,3,4,5,6,7",1,,Bucket Biriyani,,0,,3,3
ARAFA CHICKEN PARK,Bucket Biriyani Mughal Chicken Biriyani Half,Basmati Rice/Egg/Raitha/Rawa Firmi Sweet (4 Persons),715,,,,,,0,0,Non Veg,11:00AM,10:30PM,,,,,,,"1,2,3,4,5,6,7",1,,Bucket Biriyani,,0,,3,4
ARAFA CHICKEN PARK,Bucket Biriyani Hyderabad Mutton Full,Basmati Rice/Egg/Raitha/Rawa Firmi Sweet (8 Persons),1925,,,,,,0,0,Non Veg,11:00AM,10:30PM,,,,,,,"1,2,3,4,5,6,7",1,,Bucket Biriyani,,0,,3,5
ARAFA CHICKEN PARK,Bucket Biriyani Hyderabad Mutton Half,Basmati Rice/Egg/Raitha/Rawa Firmi Sweet (4 Persons),1298,,,,,,0,0,Non Veg,11:00AM,10:30PM,,,,,,,"1,2,3,4,5,6,7",1,,Bucket Biriyani,,0,,3,6
ARAFA CHICKEN PARK,Arabian Mandi Biriyani with Chicken Alfaham 1/4,,462,,,,,,0,0,Non Veg,11:00AM,10:30PM,,,,,,,"1,2,3,4,5,6,7",1,,Mandi Biriyani,,0,,4,1
ARAFA CHICKEN PARK,Arabian Mandi Biriyani with Chicken Alfaham Mini 1/4,,275,,,,,,0,0,Non Veg,11:00AM,10:30PM,,,,,,,"1,2,3,4,5,6,7",1,,Mandi Biriyani,,0,,4,2
ARAFA CHICKEN PARK,Arabian Mandi Biriyani with Chicken Alfaham Full,,1595,,,,,,0,0,Non Veg,11:00AM,10:30PM,,,,,,,"1,2,3,4,5,6,7",1,,Mandi Biriyani,,0,,4,3
ARAFA CHICKEN PARK,Arabian Mandi Biriyani with Chicken Alfaham Half,,825,,,,,,0,0,Non Veg,11:00AM,10:30PM,,,,,,,"1,2,3,4,5,6,7",1,,Mandi Biriyani,,0,,4,4
ARAFA CHICKEN PARK,Arabian Mandi Biriyani Mutton 1/4,,528,,,,,,0,0,Non Veg,11:00AM,10:30PM,,,,,,,"1,2,3,4,5,6,7",1,,Mandi Biriyani,,0,,4,5
ARAFA CHICKEN PARK,Arabian Mandi Biriyani Mutton Mini 1/4,,319,,,,,,0,0,Non Veg,11:00AM,10:30PM,,,,,,,"1,2,3,4,5,6,7",1,,Mandi Biriyani,,0,,4,6
ARAFA CHICKEN PARK,Arabian Mandi Biriyani Mutton Full,,1870,,,,,,0,0,Non Veg,11:00AM,10:30PM,,,,,,,"1,2,3,4,5,6,7",1,,Mandi Biriyani,,0,,4,7
ARAFA CHICKEN PARK,Arabian Mandi Biriyani Mutton Half,,935,,,,,,0,0,Non Veg,11:00AM,10:30PM,,,,,,,"1,2,3,4,5,6,7",1,,Mandi Biriyani,,0,,4,8
ARAFA CHICKEN PARK,Arabian Mandi Biriyani Plain 1/4,,297,,,,,,0,0,Non Veg,11:00AM,10:30PM,,,,,,,"1,2,3,4,5,6,7",1,,Mandi Biriyani,,0,,4,9
ARAFA CHICKEN PARK,Arabian Mandi Biriyani Plain Mini 1/4,,176,,,,,,0,0,Non Veg,11:00AM,10:30PM,,,,,,,"1,2,3,4,5,6,7",1,,Mandi Biriyani,,0,,4,10
ARAFA CHICKEN PARK,Arabian Mandi Biriyani Plain Full,,990,,,,,,0,0,Non Veg,11:00AM,10:30PM,,,,,,,"1,2,3,4,5,6,7",1,,Mandi Biriyani,,0,,4,11
ARAFA CHICKEN PARK,Arabian Mandi Biriyani Plain Half,,495,,,,,,0,0,Non Veg,11:00AM,10:30PM,,,,,,,"1,2,3,4,5,6,7",1,,Mandi Biriyani,,0,,4,12
ARAFA CHICKEN PARK,Chicken Hyderabadi Biriyani + Alfaham Quarter,,352,,,,,,0,0,Non Veg,11:00AM,10:30PM,,,,,,,"1,2,3,4,5,6,7",1,,Biryani Combo,,0,,5,1
ARAFA CHICKEN PARK,Hyderabadi Plain Biriyani + Alfaham Quarter,,297,,,,,,0,0,Non Veg,11:00AM,10:30PM,,,,,,,"1,2,3,4,5,6,7",1,,Biryani Combo,,0,,5,2
ARAFA CHICKEN PARK,Mushroom 65,,209,,,,,,0,0,Veg,11:00AM,10:30PM,,,,,,,"1,2,3,4,5,6,7",1,,Veg Starters,,0,,6,1
ARAFA CHICKEN PARK,Gobi 65,,209,,,,,,0,0,Veg,11:00AM,10:30PM,,,,,,,"1,2,3,4,5,6,7",1,,Veg Starters,,0,,6,2
ARAFA CHICKEN PARK,Baby Corn 65,,209,,,,,,0,0,Veg,11:00AM,10:30PM,,,,,,,"1,2,3,4,5,6,7",1,,Veg Starters,,0,,6,3
ARAFA CHICKEN PARK,Veg Spring Roll,,132,,,,,,0,0,Veg,11:00AM,10:30PM,,,,,,,"1,2,3,4,5,6,7",1,,Veg Starters,,0,,6,4
ARAFA CHICKEN PARK,Chicken 65,Oil Fry,242,,,,,,0,0,Non Veg,11:00AM,10:30PM,,,,,,,"1,2,3,4,5,6,7",1,,Non Veg Starters,,0,,7,1
ARAFA CHICKEN PARK,Dragon Chicken,Oil Fry,352,,,,,,0,0,Non Veg,11:00AM,10:30PM,,,,,,,"1,2,3,4,5,6,7",1,,Non Veg Starters,,0,,7,2
ARAFA CHICKEN PARK,Shanghai Chicken,Oil Fry,352,,,,,,0,0,Non Veg,11:00AM,10:30PM,,,,,,,"1,2,3,4,5,6,7",1,,Non Veg Starters,,0,,7,3
ARAFA CHICKEN PARK,Chicken Leg 1 Pc,,132,,,,,,0,0,Non Veg,11:00AM,10:30PM,,,,,,,"1,2,3,4,5,6,7",1,,Non Veg Starters,,0,,7,4
ARAFA CHICKEN PARK,Chicken Leg 2 Pc,,220,,,,,,0,0,Non Veg,11:00AM,10:30PM,,,,,,,"1,2,3,4,5,6,7",1,,Non Veg Starters,,0,,7,5
ARAFA CHICKEN PARK,Chicken Lollipop 5 Pcs,,220,,,,,,0,0,Non Veg,11:00AM,10:30PM,,,,,,,"1,2,3,4,5,6,7",1,,Non Veg Starters,,0,,7,6
ARAFA CHICKEN PARK,Chicken Chilly Lollipop (5pcs),,275,,,,,,0,0,Non Veg,11:00AM,10:30PM,,,,,,,"1,2,3,4,5,6,7",1,,Non Veg Starters,,0,,7,7
ARAFA CHICKEN PARK,Chicken Gola Urundai (2pcs),,77,,,,,,0,0,Non Veg,11:00AM,10:30PM,,,,,,,"1,2,3,4,5,6,7",1,,Non Veg Starters,,0,,7,8
ARAFA CHICKEN PARK,Chicken Gola Urundai (4pcs),,132,,,,,,0,0,Non Veg,11:00AM,10:30PM,,,,,,,"1,2,3,4,5,6,7",1,,Non Veg Starters,,0,,7,9
ARAFA CHICKEN PARK,Mutton Gola Urundai (2 pcs),,99,,,,,,0,0,Non Veg,11:00AM,10:30PM,,,,,,,"1,2,3,4,5,6,7",1,,Non Veg Starters,,0,,7,10
ARAFA CHICKEN PARK,Mutton Gola Urundai (4 pcs),,176,,,,,,0,0,Non Veg,11:00AM,10:30PM,,,,,,,"1,2,3,4,5,6,7",1,,Non Veg Starters,,0,,7,11
ARAFA CHICKEN PARK,Fish Masala,,242,,,,,,0,0,Veg,11:00AM,10:30PM,,,,,,,"1,2,3,4,5,6,7",1,,Sea Food,,0,,8,1
ARAFA CHICKEN PARK,Fish Fry 1 Pc,,165,,,,,,0,0,Veg,11:00AM,10:30PM,,,,,,,"1,2,3,4,5,6,7",1,,Sea Food,,0,,8,2
ARAFA CHICKEN PARK,Fish Dragon,,242,,,,,,0,0,Veg,11:00AM,10:30PM,,,,,,,"1,2,3,4,5,6,7",1,,Sea Food,,0,,8,3
ARAFA CHICKEN PARK,Fish Chilly,,242,,,,,,0,0,Veg,11:00AM,10:30PM,,,,,,,"1,2,3,4,5,6,7",1,,Sea Food,,0,,8,4
ARAFA CHICKEN PARK,Fish Polichathu,,275,,,,,,0,0,Veg,11:00AM,10:30PM,,,,,,,"1,2,3,4,5,6,7",1,,Sea Food,,0,,8,5
ARAFA CHICKEN PARK,Prawn Masala,,319,,,,,,0,0,Veg,11:00AM,10:30PM,,,,,,,"1,2,3,4,5,6,7",1,,Sea Food,,0,,8,6
ARAFA CHICKEN PARK,Prawn Chilly,,319,,,,,,0,0,Veg,11:00AM,10:30PM,,,,,,,"1,2,3,4,5,6,7",1,,Sea Food,,0,,8,7
ARAFA CHICKEN PARK,Prawn 65,,352,,,,,,0,0,Veg,11:00AM,10:30PM,,,,,,,"1,2,3,4,5,6,7",1,,Sea Food,,0,,8,8
ARAFA CHICKEN PARK,Crab Masala,,286,,,,,,0,0,Veg,11:00AM,10:30PM,,,,,,,"1,2,3,4,5,6,7",1,,Sea Food,,0,,8,9
ARAFA CHICKEN PARK,Coco Prawn,Cooked with Coconut Milk,352,,,,,,0,0,Veg,11:00AM,10:30PM,,,,,,,"1,2,3,4,5,6,7",1,,Sea Food,,0,,8,10
ARAFA CHICKEN PARK,Tandoori Naan 1 Pc,No Gravy will be provided,55,,,,,,0,0,Veg,11:00AM,10:30PM,,,,,,,"1,2,3,4,5,6,7",1,,Indian Naan & Rotti,,0,,9,1
ARAFA CHICKEN PARK,Butter Naan 1 Pc,No Gravy will be provided,66,,,,,,0,0,Veg,11:00AM,10:30PM,,,,,,,"1,2,3,4,5,6,7",1,,Indian Naan & Rotti,,0,,9,2
ARAFA CHICKEN PARK,Garlic Naan 1 Pc,No Gravy will be provided,77,,,,,,0,0,Veg,11:00AM,10:30PM,,,,,,,"1,2,3,4,5,6,7",1,,Indian Naan & Rotti,,0,,9,3
ARAFA CHICKEN PARK,Cheese Naan 1 Pc,No Gravy will be provided,99,,,,,,0,0,Veg,11:00AM,10:30PM,,,,,,,"1,2,3,4,5,6,7",1,,Indian Naan & Rotti,,0,,9,4
ARAFA CHICKEN PARK,Garlic Cheese Naan 1 Pc,No Gravy will be provided,99,,,,,,0,0,Veg,11:00AM,10:30PM,,,,,,,"1,2,3,4,5,6,7",1,,Indian Naan & Rotti,,0,,9,5
ARAFA CHICKEN PARK,Folding Naan 1 Pc,No Gravy will be provided,77,,,,,,0,0,Veg,11:00AM,10:30PM,,,,,,,"1,2,3,4,5,6,7",1,,Indian Naan & Rotti,,0,,9,6
ARAFA CHICKEN PARK,Kulcha 1 Pc,No Gravy will be provided,88,,,,,,0,0,Veg,11:00AM,10:30PM,,,,,,,"1,2,3,4,5,6,7",1,,Indian Naan & Rotti,,0,,9,7
ARAFA CHICKEN PARK,Wheat Naan 1 Pc,No Gravy will be provided,66,,,,,,0,0,Veg,11:00AM,10:30PM,,,,,,,"1,2,3,4,5,6,7",1,,Indian Naan & Rotti,,0,,9,8
ARAFA CHICKEN PARK,Wheat Butter Naan 1 Pc,No Gravy will be provided,77,,,,,,0,0,Veg,11:00AM,10:30PM,,,,,,,"1,2,3,4,5,6,7",1,,Indian Naan & Rotti,,0,,9,9
ARAFA CHICKEN PARK,Wheat Rotti 1 Pc,No Gravy will be provided,55,,,,,,0,0,Veg,11:00AM,10:30PM,,,,,,,"1,2,3,4,5,6,7",1,,Indian Naan & Rotti,,0,,9,10
ARAFA CHICKEN PARK,Wheat Butter Rotti 1 Pc,No Gravy will be provided,77,,,,,,0,0,Veg,11:00AM,10:30PM,,,,,,,"1,2,3,4,5,6,7",1,,Indian Naan & Rotti,,0,,9,11
ARAFA CHICKEN PARK,Wheat Garlic Naan 1 Pc,No Gravy will be provided,88,,,,,,0,0,Veg,11:00AM,10:30PM,,,,,,,"1,2,3,4,5,6,7",1,,Indian Naan & Rotti,,0,,9,12
ARAFA CHICKEN PARK,Wheat Cheese Naan 1 Pc,No Gravy will be provided,99,,,,,,0,0,Veg,11:00AM,10:30PM,,,,,,,"1,2,3,4,5,6,7",1,,Indian Naan & Rotti,,0,,9,13
ARAFA CHICKEN PARK,Wheat Garlic Cheese Naan 1 Pc,No Gravy will be provided,110,,,,,,0,0,Veg,11:00AM,10:30PM,,,,,,,"1,2,3,4,5,6,7",1,,Indian Naan & Rotti,,0,,9,14
ARAFA CHICKEN PARK,Naan Egg Kothu (Maida),,187,,,,,,0,0,Non Veg,11:00AM,10:30PM,,,,,,,"1,2,3,4,5,6,7",1,,Naan Kothu ,,0,,10,1
ARAFA CHICKEN PARK,Naan Chicken Kothu (Maida),,209,,,,,,0,0,Non Veg,11:00AM,10:30PM,,,,,,,"1,2,3,4,5,6,7",1,,Naan Kothu ,,0,,10,2
ARAFA CHICKEN PARK,Naan Mutton Kothu (Maida),,264,,,,,,0,0,Non Veg,11:00AM,10:30PM,,,,,,,"1,2,3,4,5,6,7",1,,Naan Kothu ,,0,,10,3
ARAFA CHICKEN PARK,Naan Egg Kothu (Wheat),,198,,,,,,0,0,Non Veg,11:00AM,10:30PM,,,,,,,"1,2,3,4,5,6,7",1,,Naan Kothu ,,0,,10,4
ARAFA CHICKEN PARK,Naan Chicken Kothu (Wheat ),,220,,,,,,0,0,Non Veg,11:00AM,10:30PM,,,,,,,"1,2,3,4,5,6,7",1,,Naan Kothu ,,0,,10,5
ARAFA CHICKEN PARK,Naan Mutton Kothu (Wheat),,275,,,,,,0,0,Non Veg,11:00AM,10:30PM,,,,,,,"1,2,3,4,5,6,7",1,,Naan Kothu ,,0,,10,6
ARAFA CHICKEN PARK,Naan Veg Kothu (Maida),,176,,,,,,0,0,Veg,11:00AM,10:30PM,,,,,,,"1,2,3,4,5,6,7",1,,Naan Kothu ,,0,,10,7
ARAFA CHICKEN PARK,Naan Panner Veg Kothu (Maida),,209,,,,,,0,0,Veg,11:00AM,10:30PM,,,,,,,"1,2,3,4,5,6,7",1,,Naan Kothu ,,0,,10,8
ARAFA CHICKEN PARK,Naan Veg Kothu (Wheat),,187,,,,,,0,0,Veg,11:00AM,10:30PM,,,,,,,"1,2,3,4,5,6,7",1,,Naan Kothu ,,0,,10,9
ARAFA CHICKEN PARK,Naan Panner Veg Kothu (Wheat),,220,,,,,,0,0,Veg,11:00AM,10:30PM,,,,,,,"1,2,3,4,5,6,7",1,,Naan Kothu ,,0,,10,10
ARAFA CHICKEN PARK,Parotta 1 Pc,No gravy will be provided,38.5,,,,,,0,0,Veg,11:00AM,11:00PM,,,,,"1,2,3,4,5,6,7",1,,1,,Parotta Varieties,,0,,11,1
ARAFA CHICKEN PARK,Bun Parotta 1 Pc,No gravy will be provided,38.5,,,,,,0,0,Veg,11:00AM,11:00PM,,,,,"1,2,3,4,5,6,7",1,,1,,Parotta Varieties,,0,,11,2
ARAFA CHICKEN PARK,Nool Parotta 1 Pc,No gravy will be provided,38.5,,,,,,0,0,Veg,11:00AM,11:00PM,,,,,"1,2,3,4,5,6,7",1,,1,,Parotta Varieties,,0,,11,3
ARAFA CHICKEN PARK,Banana Parotta ,No gravy will be provided,132,,,,,,0,0,Veg,11:00AM,11:00PM,,,,,"1,2,3,4,5,6,7",1,,1,,Parotta Varieties,,0,,11,4
ARAFA CHICKEN PARK,Pineapple Parotta,No gravy will be provided,132,,,,,,0,0,Veg,11:00AM,11:00PM,,,,,"1,2,3,4,5,6,7",1,,1,,Parotta Varieties,,0,,11,5
ARAFA CHICKEN PARK,Spring Onion Parotta,No gravy will be provided,132,,,,,,0,0,Veg,11:00AM,11:00PM,,,,,"1,2,3,4,5,6,7",1,,1,,Parotta Varieties,,0,,11,6
ARAFA CHICKEN PARK,Malaysian Chicken Parotta,No gravy will be provided,165,,,,,,0,0,Non Veg,11:00AM,11:00PM,,,,,"1,2,3,4,5,6,7",1,,1,,Parotta Varieties,,0,,11,7
ARAFA CHICKEN PARK,Egg Kothu Parotta,No gravy will be provided,187,,,,,,0,0,Non Veg,11:00AM,11:00PM,,,,,"1,2,3,4,5,6,7",1,,1,,Parotta Varieties,,0,,11,8
ARAFA CHICKEN PARK,Mutton Kothu Parotta,No gravy will be provided,264,,,,,,0,0,Non Veg,11:00AM,11:00PM,,,,,"1,2,3,4,5,6,7",1,,1,,Parotta Varieties,,0,,11,9
ARAFA CHICKEN PARK,Chicken Kothu Parotta,No gravy will be provided,209,,,,,,0,0,Non Veg,11:00AM,11:00PM,,,,,"1,2,3,4,5,6,7",1,,1,,Parotta Varieties,,0,,11,10
ARAFA CHICKEN PARK,Banana Leaf Parotta Chicken,No gravy will be provided,198,,,,,,0,0,Non Veg,11:00AM,11:00PM,,,,,"1,2,3,4,5,6,7",1,,1,,Parotta Varieties,,0,,11,11
ARAFA CHICKEN PARK,Chicken Park Spl Parotta Kuruma (without Meat),No gravy will be provided,132,,,,,,0,0,Non Veg,11:00AM,11:00PM,,,,,"1,2,3,4,5,6,7",1,,1,,Parotta Varieties,,0,,11,12
ARAFA CHICKEN PARK,Madurai Chicken Kari Dosa,,198,,,,,,0,0,Non Veg,11:00AM,11:00PM,,,,,"1,2,3,4,5,6,7",1,,1,,Kari Dosai,,0,,12,1
ARAFA CHICKEN PARK,Madurai Mutton Kari Dosa,,264,,,,,,0,0,Non Veg,11:00AM,11:00PM,,,,,"1,2,3,4,5,6,7",1,,1,,Kari Dosai,,0,,12,2
ARAFA CHICKEN PARK,Chilly Chicken Gravy,,264,,,,,,0,0,Non Veg,11:00AM,10:30PM,,,,,,,"1,2,3,4,5,6,7",1,,Non Veg Gravy,,0,,13,1
ARAFA CHICKEN PARK,Ginger Chicken Gravy,,264,,,,,,0,0,Non Veg,11:00AM,10:30PM,,,,,,,"1,2,3,4,5,6,7",1,,Non Veg Gravy,,0,,13,2
ARAFA CHICKEN PARK,Garlic Chicken Gravy,,264,,,,,,0,0,Non Veg,11:00AM,10:30PM,,,,,,,"1,2,3,4,5,6,7",1,,Non Veg Gravy,,0,,13,3
ARAFA CHICKEN PARK,Chicken Manchurian,,264,,,,,,0,0,Non Veg,11:00AM,10:30PM,,,,,,,"1,2,3,4,5,6,7",1,,Non Veg Gravy,,0,,13,4
ARAFA CHICKEN PARK,Butter Chicken Gravy,Low Spicy,264,,,,,,0,0,Non Veg,11:00AM,10:30PM,,,,,,,"1,2,3,4,5,6,7",1,,Non Veg Gravy,,0,,13,5
ARAFA CHICKEN PARK,Kadai Chicken Gravy,,264,,,,,,0,0,Non Veg,11:00AM,10:30PM,,,,,,,"1,2,3,4,5,6,7",1,,Non Veg Gravy,,0,,13,6
ARAFA CHICKEN PARK,Pepper Chicken Gravy,,264,,,,,,0,0,Non Veg,11:00AM,10:30PM,,,,,,,"1,2,3,4,5,6,7",1,,Non Veg Gravy,,0,,13,7
ARAFA CHICKEN PARK,Chicken Tikka Masala,,264,,,,,,0,0,Non Veg,11:00AM,10:30PM,,,,,,,"1,2,3,4,5,6,7",1,,Non Veg Gravy,,0,,13,8
ARAFA CHICKEN PARK,Chicken Chettinadu Masala,,308,,,,,,0,0,Non Veg,11:00AM,10:30PM,,,,,,,"1,2,3,4,5,6,7",1,,Non Veg Gravy,,0,,13,9
ARAFA CHICKEN PARK,Japan Chicken Gravy,Low Spicy,352,,,,,,0,0,Non Veg,11:00AM,10:30PM,,,,,,,"1,2,3,4,5,6,7",1,,Non Veg Gravy,,0,,13,10
ARAFA CHICKEN PARK,Coco Chicken Gravy,"Low Spicy, Cooked with Coconut Milk",352,,,,,,0,0,Non Veg,11:00AM,10:30PM,,,,,,,"1,2,3,4,5,6,7",1,,Non Veg Gravy,,0,,13,11
ARAFA CHICKEN PARK,Mutton Masala,,374,,,,,,0,0,Non Veg,11:00AM,10:30PM,,,,,,,"1,2,3,4,5,6,7",1,,Mutton Gravy,,0,,14,1
ARAFA CHICKEN PARK,Mutton Rogen Josh,,374,,,,,,0,0,Non Veg,11:00AM,10:30PM,,,,,,,"1,2,3,4,5,6,7",1,,Mutton Gravy,,0,,14,2
ARAFA CHICKEN PARK,Mutton Pepper Fry,,374,,,,,,0,0,Non Veg,11:00AM,10:30PM,,,,,,,"1,2,3,4,5,6,7",1,,Mutton Gravy,,0,,14,3
ARAFA CHICKEN PARK,Green Peas Masala,,209,,,,,,0,0,Veg,11:00AM,10:30PM,,,,,,,"1,2,3,4,5,6,7",1,,Veg Gravy,,0,,15,1
ARAFA CHICKEN PARK,Mutter Paneer Masala,,264,,,,,,0,0,Veg,11:00AM,10:30PM,,,,,,,"1,2,3,4,5,6,7",1,,Veg Gravy,,0,,15,2
ARAFA CHICKEN PARK,Paneer Butter Masala,,264,,,,,,0,0,Veg,11:00AM,10:30PM,,,,,,,"1,2,3,4,5,6,7",1,,Veg Gravy,,0,,15,3
ARAFA CHICKEN PARK,Paneer Pepper Masala,,264,,,,,,0,0,Veg,11:00AM,10:30PM,,,,,,,"1,2,3,4,5,6,7",1,,Veg Gravy,,0,,15,4
ARAFA CHICKEN PARK,Paneer Tikka Masala,,264,,,,,,0,0,Veg,11:00AM,10:30PM,,,,,,,"1,2,3,4,5,6,7",1,,Veg Gravy,,0,,15,5
ARAFA CHICKEN PARK,Paneer Manchurian,,264,,,,,,0,0,Veg,11:00AM,10:30PM,,,,,,,"1,2,3,4,5,6,7",1,,Veg Gravy,,0,,15,6
ARAFA CHICKEN PARK,Chilly Paneer,,264,,,,,,0,0,Veg,11:00AM,10:30PM,,,,,,,"1,2,3,4,5,6,7",1,,Veg Gravy,,0,,15,7
ARAFA CHICKEN PARK,Dragon Paneer,,308,,,,,,0,0,Veg,11:00AM,10:30PM,,,,,,,"1,2,3,4,5,6,7",1,,Veg Gravy,,0,,15,8
ARAFA CHICKEN PARK,Coco Paneer,Coooked with Coconut Milk,308,,,,,,0,0,Veg,11:00AM,10:30PM,,,,,,,"1,2,3,4,5,6,7",1,,Veg Gravy,,0,,15,9
ARAFA CHICKEN PARK,Gobi Manchurian,,209,,,,,,0,0,Veg,11:00AM,10:30PM,,,,,,,"1,2,3,4,5,6,7",1,,Veg Gravy,,0,,15,10
ARAFA CHICKEN PARK,Chilly Gobi,,209,,,,,,0,0,Veg,11:00AM,10:30PM,,,,,,,"1,2,3,4,5,6,7",1,,Veg Gravy,,0,,15,11
ARAFA CHICKEN PARK,Aloo Gobi,,209,,,,,,0,0,Veg,11:00AM,10:30PM,,,,,,,"1,2,3,4,5,6,7",1,,Veg Gravy,,0,,15,12
ARAFA CHICKEN PARK,Chilli Mushroom,,209,,,,,,0,0,Veg,11:00AM,10:30PM,,,,,,,"1,2,3,4,5,6,7",1,,Veg Gravy,,0,,15,13
ARAFA CHICKEN PARK,Mushroom Manchurian,,209,,,,,,0,0,Veg,11:00AM,10:30PM,,,,,,,"1,2,3,4,5,6,7",1,,Veg Gravy,,0,,15,14
ARAFA CHICKEN PARK,Mushroom Pepper Fry,,209,,,,,,0,0,Veg,11:00AM,10:30PM,,,,,,,"1,2,3,4,5,6,7",1,,Veg Gravy,,0,,15,15
ARAFA CHICKEN PARK,Mushroom Chettinad,,242,,,,,,0,0,Veg,11:00AM,10:30PM,,,,,,,"1,2,3,4,5,6,7",1,,Veg Gravy,,0,,15,16
ARAFA CHICKEN PARK,Coco Mushroom,Coooked with Coconut Milk,308,,,,,,0,0,Veg,11:00AM,10:30PM,,,,,,,"1,2,3,4,5,6,7",1,,Veg Gravy,,0,,15,17
ARAFA CHICKEN PARK,Baby Corn Chilly,,209,,,,,,0,0,Veg,11:00AM,10:30PM,,,,,,,"1,2,3,4,5,6,7",1,,Veg Gravy,,0,,15,18
ARAFA CHICKEN PARK,Baby Corn Pepper Fry,,209,,,,,,0,0,Veg,11:00AM,10:30PM,,,,,,,"1,2,3,4,5,6,7",1,,Veg Gravy,,0,,15,19
ARAFA CHICKEN PARK,Dal Thadukka,,209,,,,,,0,0,Veg,11:00AM,10:30PM,,,,,,,"1,2,3,4,5,6,7",1,,Veg Gravy,,0,,15,20
ARAFA CHICKEN PARK,Dal Fry,,209,,,,,,0,0,Veg,11:00AM,10:30PM,,,,,,,"1,2,3,4,5,6,7",1,,Veg Gravy,,0,,15,21
ARAFA CHICKEN PARK,Egg Masala,,198,,,,,,0,0,Non Veg,11:00AM,10:30PM,,,,,,,"1,2,3,4,5,6,7",1,,Egg Varieties,,0,,16,1
ARAFA CHICKEN PARK,Egg Pepper Fry,,198,,,,,,0,0,Non Veg,11:00AM,10:30PM,,,,,,,"1,2,3,4,5,6,7",1,,Egg Varieties,,0,,16,2
ARAFA CHICKEN PARK,Egg Burjee (Podimass),,198,,,,,,0,0,Non Veg,11:00AM,10:30PM,,,,,,,"1,2,3,4,5,6,7",1,,Egg Varieties,,0,,16,3
ARAFA CHICKEN PARK,Egg Manchurian,,198,,,,,,0,0,Non Veg,11:00AM,10:30PM,,,,,,,"1,2,3,4,5,6,7",1,,Egg Varieties,,0,,16,4
ARAFA CHICKEN PARK,Egg Tomato Fry,,198,,,,,,0,0,Non Veg,11:00AM,10:30PM,,,,,,,"1,2,3,4,5,6,7",1,,Egg Varieties,,0,,16,5
ARAFA CHICKEN PARK,Plain Omelette,,77,,,,,,0,0,Non Veg,11:00AM,10:30PM,,,,,,,"1,2,3,4,5,6,7",1,,Egg Varieties,,0,,16,6
ARAFA CHICKEN PARK,Cheese Omelette,,110,,,,,,0,0,Non Veg,11:00AM,10:30PM,,,,,,,"1,2,3,4,5,6,7",1,,Egg Varieties,,0,,16,7
ARAFA CHICKEN PARK,Chilly Omelette,,88,,,,,,0,0,Non Veg,11:00AM,10:30PM,,,,,,,"1,2,3,4,5,6,7",1,,Egg Varieties,,0,,16,8
ARAFA CHICKEN PARK,Soya Chunk Veg Shawarma Roll,Low Spicy,121,,,,,,0,0,Veg,11:00AM,10:30PM,,,,,,,"1,2,3,4,5,6,7",1,,Charcoal Shawarma,,0,,17,1
ARAFA CHICKEN PARK,Mushroom Kebab Veg Shawarma Roll,Low Spicy,121,,,,,,0,0,Veg,11:00AM,10:30PM,,,,,,,"1,2,3,4,5,6,7",1,,Charcoal Shawarma,,0,,17,2
ARAFA CHICKEN PARK,Panner Tikka Veg Shawarma Roll,Low Spicy,132,,,,,,0,0,Veg,11:00AM,10:30PM,,,,,,,"1,2,3,4,5,6,7",1,,Charcoal Shawarma,,0,,17,3
ARAFA CHICKEN PARK,Chicken Classic Charcoal Shawarma Roll ,Low Spicy,132,,,,,,0,0,Non Veg,11:00AM,10:30PM,,,,,,,"1,2,3,4,5,6,7",1,,Charcoal Shawarma,,0,,17,4
ARAFA CHICKEN PARK,Chicken Peri Peri Charcoal Shawarma Roll  ,Spicy,132,,,,,,0,0,Non Veg,11:00AM,10:30PM,,,,,,,"1,2,3,4,5,6,7",1,,Charcoal Shawarma,,0,,17,5
ARAFA CHICKEN PARK,Chicken Mexican Charcoal Shawarma Roll,Spicy,132,,,,,,0,0,Non Veg,11:00AM,10:30PM,,,,,,,"1,2,3,4,5,6,7",1,,Charcoal Shawarma,,0,,17,6
ARAFA CHICKEN PARK,Fried Chicken Charcoal Shawarma Roll,Low Spicy,132,,,,,,0,0,Non Veg,11:00AM,10:30PM,,,,,,,"1,2,3,4,5,6,7",1,,Charcoal Shawarma,,0,,17,7
ARAFA CHICKEN PARK,Chicken Classic Charcoal Shawarma Plate ,Low Spicy,242,,,,,,0,0,Non Veg,11:00AM,10:30PM,,,,,,,"1,2,3,4,5,6,7",1,,Charcoal Shawarma,,0,,17,8
ARAFA CHICKEN PARK,Chicken Peri Peri Charcoal Shawarma Plate ,Spicy,242,,,,,,0,0,Non Veg,11:00AM,10:30PM,,,,,,,"1,2,3,4,5,6,7",1,,Charcoal Shawarma,,0,,17,9
ARAFA CHICKEN PARK,Chicken Mexican Charcoal Shawarma Plate ,Spicy,242,,,,,,0,0,Non Veg,11:00AM,10:30PM,,,,,,,"1,2,3,4,5,6,7",1,,Charcoal Shawarma,,0,,17,10
ARAFA CHICKEN PARK,Fried Chicken Charcoal Shawarma Plate ,Low Spicy,242,,,,,,0,0,Non Veg,11:00AM,10:30PM,,,,,,,"1,2,3,4,5,6,7",1,,Charcoal Shawarma,,0,,17,11
ARAFA CHICKEN PARK,Tandoori Chicken Shawarma,Low Spicy,132,,,,,,0,0,Non Veg,11:00AM,10:30PM,,,,,,,"1,2,3,4,5,6,7",1,,Charcoal Shawarma,,0,,17,12
ARAFA CHICKEN PARK,Malai Kebab Shawarma,Low Spicy,132,,,,,,0,0,Non Veg,11:00AM,10:30PM,,,,,,,"1,2,3,4,5,6,7",1,,Charcoal Shawarma,,0,,17,13
ARAFA CHICKEN PARK,Hariyali Kebab Shawarma,Low Spicy,132,,,,,,0,0,Non Veg,11:00AM,10:30PM,,,,,,,"1,2,3,4,5,6,7",1,,Charcoal Shawarma,,0,,17,14
ARAFA CHICKEN PARK,Cheese Kebab Shawarma,Low Spicy,132,,,,,,0,0,Non Veg,11:00AM,10:30PM,,,,,,,"1,2,3,4,5,6,7",1,,Charcoal Shawarma,,0,,17,15
ARAFA CHICKEN PARK,Chicken Tikka Shawarma,Low Spicy,132,,,,,,0,0,Non Veg,11:00AM,10:30PM,,,,,,,"1,2,3,4,5,6,7",1,,Charcoal Shawarma,,0,,17,16
ARAFA CHICKEN PARK,Ustadi Kebab Shawarma,Spicy,132,,,,,,0,0,Non Veg,11:00AM,10:30PM,,,,,,,"1,2,3,4,5,6,7",1,,Charcoal Shawarma,,0,,17,17
ARAFA CHICKEN PARK,Chicken Arabic Alfaham Quater,Low Spicy,176,,,,,,0,0,Non Veg,11:00AM,10:30PM,,,,,,,"1,2,3,4,5,6,7",1,,Alfaham(Cooked By Charcoal),,0,,18,1
ARAFA CHICKEN PARK,Chicken American Alfaham Quarter,Low Spicy,176,,,,,,0,0,Non Veg,11:00AM,10:30PM,,,,,,,"1,2,3,4,5,6,7",1,,Alfaham(Cooked By Charcoal),,0,,18,2
ARAFA CHICKEN PARK,Chicken Italian Alfaham Quarter,Spicy,176,,,,,,0,0,Non Veg,11:00AM,10:30PM,,,,,,,"1,2,3,4,5,6,7",1,,Alfaham(Cooked By Charcoal),,0,,18,3
ARAFA CHICKEN PARK,Chicken Mexican Alfaham Quarter,Spicy,176,,,,,,0,0,Non Veg,11:00AM,10:30PM,,,,,,,"1,2,3,4,5,6,7",1,,Alfaham(Cooked By Charcoal),,0,,18,4
ARAFA CHICKEN PARK,Chicken Peri Peri Alfaham Quarter,Spicy,176,,,,,,0,0,Non Veg,11:00AM,10:30PM,,,,,,,"1,2,3,4,5,6,7",1,,Alfaham(Cooked By Charcoal),,0,,18,5
ARAFA CHICKEN PARK,Chicken BBQ Alfaham Quarter,Low Spicy,176,,,,,,0,0,Non Veg,11:00AM,10:30PM,,,,,,,"1,2,3,4,5,6,7",1,,Alfaham(Cooked By Charcoal),,0,,18,6
ARAFA CHICKEN PARK,Tandoori Chicken Quarter,Low Spicy,176,,,,,,0,0,Non Veg,11:00AM,10:30PM,,,,,,,"1,2,3,4,5,6,7",1,,Alfaham(Cooked By Charcoal),,0,,18,7
ARAFA CHICKEN PARK,Chicken Arabic Alfaham Half,Low Spicy,286,,,,,,0,0,Non Veg,11:00AM,10:30PM,,,,,,,"1,2,3,4,5,6,7",1,,Alfaham(Cooked By Charcoal),,0,,18,8
ARAFA CHICKEN PARK,Chicken American Alfaham Half,Low Spicy,286,,,,,,0,0,Non Veg,11:00AM,10:30PM,,,,,,,"1,2,3,4,5,6,7",1,,Alfaham(Cooked By Charcoal),,0,,18,9
ARAFA CHICKEN PARK,Chicken Italian Alfaham Half,Spicy,286,,,,,,0,0,Non Veg,11:00AM,10:30PM,,,,,,,"1,2,3,4,5,6,7",1,,Alfaham(Cooked By Charcoal),,0,,18,10
ARAFA CHICKEN PARK,Chicken Mexican Alfaham Half,Spicy,286,,,,,,0,0,Non Veg,11:00AM,10:30PM,,,,,,,"1,2,3,4,5,6,7",1,,Alfaham(Cooked By Charcoal),,0,,18,11
ARAFA CHICKEN PARK,Chicken Peri Peri Alfaham Half,Spicy,286,,,,,,0,0,Non Veg,11:00AM,10:30PM,,,,,,,"1,2,3,4,5,6,7",1,,Alfaham(Cooked By Charcoal),,0,,18,12
ARAFA CHICKEN PARK,Chicken BBQ Alfaham Half,Low Spicy,286,,,,,,0,0,Non Veg,11:00AM,10:30PM,,,,,,,"1,2,3,4,5,6,7",1,,Alfaham(Cooked By Charcoal),,0,,18,13
ARAFA CHICKEN PARK,Tandoori Chicken Half,Low Spicy,286,,,,,,0,0,Non Veg,11:00AM,10:30PM,,,,,,,"1,2,3,4,5,6,7",1,,Alfaham(Cooked By Charcoal),,0,,18,14
ARAFA CHICKEN PARK,Chicken Arabic Alfaham Full,Low Spicy,528,,,,,,0,0,Non Veg,11:00AM,10:30PM,,,,,,,"1,2,3,4,5,6,7",1,,Alfaham(Cooked By Charcoal),,0,,18,15
ARAFA CHICKEN PARK,Chicken American Alfaham Full,Low Spicy,528,,,,,,0,0,Non Veg,11:00AM,10:30PM,,,,,,,"1,2,3,4,5,6,7",1,,Alfaham(Cooked By Charcoal),,0,,18,16
ARAFA CHICKEN PARK,Chicken Italian Alfaham Full,Spicy,528,,,,,,0,0,Non Veg,11:00AM,10:30PM,,,,,,,"1,2,3,4,5,6,7",1,,Alfaham(Cooked By Charcoal),,0,,18,17
ARAFA CHICKEN PARK,Chicken Mexican Alfaham Full,Spicy,528,,,,,,0,0,Non Veg,11:00AM,10:30PM,,,,,,,"1,2,3,4,5,6,7",1,,Alfaham(Cooked By Charcoal),,0,,18,18
ARAFA CHICKEN PARK,Chicken Peri Peri Alfaham Full,Spicy,528,,,,,,0,0,Non Veg,11:00AM,10:30PM,,,,,,,"1,2,3,4,5,6,7",1,,Alfaham(Cooked By Charcoal),,0,,18,19
ARAFA CHICKEN PARK,Chicken BBQ Alfaham Full,Low Spicy,528,,,,,,0,0,Non Veg,11:00AM,10:30PM,,,,,,,"1,2,3,4,5,6,7",1,,Alfaham(Cooked By Charcoal),,0,,18,20
ARAFA CHICKEN PARK,Tandoori Chicken Full,Low Spicy,528,,,,,,0,0,Non Veg,11:00AM,10:30PM,,,,,,,"1,2,3,4,5,6,7",1,,Alfaham(Cooked By Charcoal),,0,,18,21
ARAFA CHICKEN PARK,Panner Tikka Veg Stick 1 Pc,,132,,,,,,0,0,Veg,11:00AM,10:30PM,,,,,,,"1,2,3,4,5,6,7",1,,Kebab & BBQ ,,0,,19,1
ARAFA CHICKEN PARK,Mushroom Kebab Veg Stick 1 Pc,,132,,,,,,0,0,Veg,11:00AM,10:30PM,,,,,,,"1,2,3,4,5,6,7",1,,Kebab & BBQ ,,0,,19,2
ARAFA CHICKEN PARK,Soya Chunk Veg Stick 1 Pc,,110,,,,,,0,0,Veg,11:00AM,10:30PM,,,,,,,"1,2,3,4,5,6,7",1,,Kebab & BBQ ,,0,,19,3
ARAFA CHICKEN PARK,Panner Tikka Veg Stick 2 Pcs,,264,,,,,,0,0,Veg,11:00AM,10:30PM,,,,,,,"1,2,3,4,5,6,7",1,,Kebab & BBQ ,,0,,19,4
ARAFA CHICKEN PARK,Mushroom Kebab Veg Stick 2 Pcs,,264,,,,,,0,0,Veg,11:00AM,10:30PM,,,,,,,"1,2,3,4,5,6,7",1,,Kebab & BBQ ,,0,,19,5
ARAFA CHICKEN PARK,Soya Chunk Veg Stick 2 Pcs,,220,,,,,,0,0,Veg,11:00AM,10:30PM,,,,,,,"1,2,3,4,5,6,7",1,,Kebab & BBQ ,,0,,19,6
ARAFA CHICKEN PARK,Malai Chicken Kebab Stick 1 Pc,Low Spicy,132,,,,,,0,0,Non Veg,11:00AM,10:30PM,,,,,,,"1,2,3,4,5,6,7",1,,Kebab & BBQ ,,0,,19,7
ARAFA CHICKEN PARK,Hariyali Chicken Kebab Stick 1 Pc,Low Spicy,132,,,,,,0,0,Non Veg,11:00AM,10:30PM,,,,,,,"1,2,3,4,5,6,7",1,,Kebab & BBQ ,,0,,19,8
ARAFA CHICKEN PARK,Chicken Cheese Kebab Stick 1 Pc,Low Spicy,132,,,,,,0,0,Non Veg,11:00AM,10:30PM,,,,,,,"1,2,3,4,5,6,7",1,,Kebab & BBQ ,,0,,19,9
ARAFA CHICKEN PARK,Chicken Tikka Stick 1 Pc,Low Spicy,132,,,,,,0,0,Non Veg,11:00AM,10:30PM,,,,,,,"1,2,3,4,5,6,7",1,,Kebab & BBQ ,,0,,19,10
ARAFA CHICKEN PARK,Ustadi Chicken Kebab Stick 1 Pc,Spicy,132,,,,,,0,0,Non Veg,11:00AM,10:30PM,,,,,,,"1,2,3,4,5,6,7",1,,Kebab & BBQ ,,0,,19,11
ARAFA CHICKEN PARK,BBQ Chicken Kebab Stick 1 Pc,Spicy,132,,,,,,0,0,Non Veg,11:00AM,10:30PM,,,,,,,"1,2,3,4,5,6,7",1,,Kebab & BBQ ,,0,,19,12
ARAFA CHICKEN PARK,Malai Tikka with Creamy Malai White Sauce,,308,,,,,,0,0,Non Veg,11:00AM,10:30PM,,,,,,,"1,2,3,4,5,6,7",1,,Kebab & BBQ ,,0,,19,13
ARAFA CHICKEN PARK,BBQ Tikka With Creamy BBQ Sauce,,308,,,,,,0,0,Non Veg,11:00AM,10:30PM,,,,,,,"1,2,3,4,5,6,7",1,,Kebab & BBQ ,,0,,19,14
ARAFA CHICKEN PARK,Chicken Sheek Kebab Stick  1 Pc,Spicy,132,,,,,,0,0,Non Veg,11:00AM,10:30PM,,,,,,,"1,2,3,4,5,6,7",1,,Kebab & BBQ ,,0,,19,15
ARAFA CHICKEN PARK,Mutton Sheek Kebab Stick 1 Pc,Spicy,132,,,,,,0,0,Non Veg,11:00AM,10:30PM,,,,,,,"1,2,3,4,5,6,7",1,,Kebab & BBQ ,,0,,19,16
ARAFA CHICKEN PARK,Fish Kebab Stick 1 Pc ,Spicy,132,,,,,,0,0,Non Veg,11:00AM,10:30PM,,,,,,,"1,2,3,4,5,6,7",1,,Kebab & BBQ ,,0,,19,17
ARAFA CHICKEN PARK,Prawn Stick 1 Pc,Spicy,132,,,,,,0,0,Non Veg,11:00AM,10:30PM,,,,,,,"1,2,3,4,5,6,7",1,,Kebab & BBQ ,,0,,19,18
ARAFA CHICKEN PARK,Tangri Kebab 2 Pcs,,242,,,,,,0,0,Non Veg,11:00AM,10:30PM,,,,,,,"1,2,3,4,5,6,7",1,,Kebab & BBQ ,,0,,19,19
ARAFA CHICKEN PARK,Crispy Fried Chicken 2 Pcs,Free Mayonnaise,220,,,,,,0,0,Non Veg,11:00AM,10:30PM,,,,,,,"1,2,3,4,5,6,7",1,,American Fried Chicken,,0,,20,1
ARAFA CHICKEN PARK,Crispy Fried Chicken 4 Pcs,Free Mayonnaise,385,,,,,,0,0,Non Veg,11:00AM,10:30PM,,,,,,,"1,2,3,4,5,6,7",1,,American Fried Chicken,,0,,20,2
ARAFA CHICKEN PARK,Crispy Fried Chicken 8 Pcs,Free Mayonnaise,660,,,,,,0,0,Non Veg,11:00AM,10:30PM,,,,,,,"1,2,3,4,5,6,7",1,,American Fried Chicken,,0,,20,3
ARAFA CHICKEN PARK,Crispy Chicken Strips 4 Pcs,Free Mayonnaise,198,,,,,,0,0,Non Veg,11:00AM,10:30PM,,,,,,,"1,2,3,4,5,6,7",1,,American Fried Chicken,,0,,20,4
ARAFA CHICKEN PARK,Crispy Chicken Pop Corn 100g,Free Mayonnaise,165,,,,,,0,0,Non Veg,11:00AM,10:30PM,,,,,,,"1,2,3,4,5,6,7",1,,American Fried Chicken,,0,,20,5
ARAFA CHICKEN PARK,Crispy Chicken Wings 4 Pcs,Free Mayonnaise,198,,,,,,0,0,Non Veg,11:00AM,10:30PM,,,,,,,"1,2,3,4,5,6,7",1,,American Fried Chicken,,0,,20,6
ARAFA CHICKEN PARK,Crispy Chicken Lolly Pop 5 Pcs,Free Mayonnaise,220,,,,,,0,0,Non Veg,11:00AM,10:30PM,,,,,,,"1,2,3,4,5,6,7",1,,American Fried Chicken,,0,,20,7
ARAFA CHICKEN PARK,Crab Lolly Pop 5 Pcs,Free Mayonnaise,187,,,,,,0,0,Non Veg,11:00AM,10:30PM,,,,,,,"1,2,3,4,5,6,7",1,,American Fried Chicken,,0,,20,8
ARAFA CHICKEN PARK,Fish Finger 5 Pcs,Free Mayonnaise,187,,,,,,0,0,Non Veg,11:00AM,10:30PM,,,,,,,"1,2,3,4,5,6,7",1,,American Fried Chicken,,0,,20,9
ARAFA CHICKEN PARK,French Fries Medium,Free Mayonnaise,110,,,,,,0,0,Veg,11:00AM,10:30PM,,,,,,,"1,2,3,4,5,6,7",1,,American Fried Chicken,,0,,20,10
ARAFA CHICKEN PARK,French Fries Large,Free Mayonnaise,165,,,,,,0,0,Veg,11:00AM,10:30PM,,,,,,,"1,2,3,4,5,6,7",1,,American Fried Chicken,,0,,20,11
ARAFA CHICKEN PARK,Veg Fried Rice,,187,,,,,,0,0,Veg,11:00AM,10:30PM,,,,,,,"1,2,3,4,5,6,7",1,,Fried Rice & Noodles,,0,,21,1
ARAFA CHICKEN PARK,Schezwan Veg Fried Rice,,220,,,,,,0,0,Veg,11:00AM,10:30PM,,,,,,,"1,2,3,4,5,6,7",1,,Fried Rice & Noodles,,0,,21,2
ARAFA CHICKEN PARK,Mushroom Fried Rice,,209,,,,,,0,0,Veg,11:00AM,10:30PM,,,,,,,"1,2,3,4,5,6,7",1,,Fried Rice & Noodles,,0,,21,3
ARAFA CHICKEN PARK,Panner Fried Rice,,209,,,,,,0,0,Veg,11:00AM,10:30PM,,,,,,,"1,2,3,4,5,6,7",1,,Fried Rice & Noodles,,0,,21,4
ARAFA CHICKEN PARK,Mixed Veg Fried Rice,,220,,,,,,0,0,Veg,11:00AM,10:30PM,,,,,,,"1,2,3,4,5,6,7",1,,Fried Rice & Noodles,,0,,21,5
ARAFA CHICKEN PARK,Plain White Rice (Basmati),,66,,,,,,0,0,Veg,11:00AM,10:30PM,,,,,,,"1,2,3,4,5,6,7",1,,Fried Rice & Noodles,,0,,21,6
ARAFA CHICKEN PARK,Egg Fried Rice,,198,,,,,,0,0,Non Veg,11:00AM,10:30PM,,,,,,,"1,2,3,4,5,6,7",1,,Fried Rice & Noodles,,0,,21,7
ARAFA CHICKEN PARK,Chicken Fried Rice,,209,,,,,,0,0,Non Veg,11:00AM,10:30PM,,,,,,,"1,2,3,4,5,6,7",1,,Fried Rice & Noodles,,0,,21,8
ARAFA CHICKEN PARK,Lanzhou Fried Rice (Special),,220,,,,,,0,0,Non Veg,11:00AM,10:30PM,,,,,,,"1,2,3,4,5,6,7",1,,Fried Rice & Noodles,,0,,21,9
ARAFA CHICKEN PARK,Prawn Fried Rice,,275,,,,,,0,0,Non Veg,11:00AM,10:30PM,,,,,,,"1,2,3,4,5,6,7",1,,Fried Rice & Noodles,,0,,21,10
ARAFA CHICKEN PARK,Veg Fried Noodles,,187,,,,,,0,0,Veg,11:00AM,10:30PM,,,,,,,"1,2,3,4,5,6,7",1,,Fried Rice & Noodles,,0,,21,11
ARAFA CHICKEN PARK,Schezwan Veg Fried Noodles,,220,,,,,,0,0,Veg,11:00AM,10:30PM,,,,,,,"1,2,3,4,5,6,7",1,,Fried Rice & Noodles,,0,,21,12
ARAFA CHICKEN PARK,Mushroom Fried Noodles,,209,,,,,,0,0,Veg,11:00AM,10:30PM,,,,,,,"1,2,3,4,5,6,7",1,,Fried Rice & Noodles,,0,,21,13
ARAFA CHICKEN PARK,Panner Fried Noodles,,209,,,,,,0,0,Veg,11:00AM,10:30PM,,,,,,,"1,2,3,4,5,6,7",1,,Fried Rice & Noodles,,0,,21,14
ARAFA CHICKEN PARK,Manchow Veg Noodles,,209,,,,,,0,0,Veg,11:00AM,10:30PM,,,,,,,"1,2,3,4,5,6,7",1,,Fried Rice & Noodles,,0,,21,15
ARAFA CHICKEN PARK,Mixed Fried Noodles,,220,,,,,,0,0,Veg,11:00AM,10:30PM,,,,,,,"1,2,3,4,5,6,7",1,,Fried Rice & Noodles,,0,,21,16
ARAFA CHICKEN PARK,Lanzhou Fried Noodles(Special),,220,,,,,,0,0,Non Veg,11:00AM,10:30PM,,,,,,,"1,2,3,4,5,6,7",1,,Fried Rice & Noodles,,0,,21,17
ARAFA CHICKEN PARK,Egg Fried Noodles,,198,,,,,,0,0,Non Veg,11:00AM,10:30PM,,,,,,,"1,2,3,4,5,6,7",1,,Fried Rice & Noodles,,0,,21,18
ARAFA CHICKEN PARK,Chicken Fried Noodles,,209,,,,,,0,0,Non Veg,11:00AM,10:30PM,,,,,,,"1,2,3,4,5,6,7",1,,Fried Rice & Noodles,,0,,21,19
ARAFA CHICKEN PARK,Prawan Noodles,,275,,,,,,0,0,Non Veg,11:00AM,10:30PM,,,,,,,"1,2,3,4,5,6,7",1,,Fried Rice & Noodles,,0,,21,20
ARAFA CHICKEN PARK,Veg Momos Steam 6 Pcs,,132,,,,,,0,0,Veg,11:00AM,10:30PM,,,,,,,"1,2,3,4,5,6,7",1,,Momos,,0,,22,1
ARAFA CHICKEN PARK,Chicken Momos Steam 6 Pcs,,165,,,,,,0,0,Non Veg,11:00AM,10:30PM,,,,,,,"1,2,3,4,5,6,7",1,,Momos,,0,,22,2
ARAFA CHICKEN PARK,Mutton Momos Steam 6 Pcs,,220,,,,,,0,0,Non Veg,11:00AM,10:30PM,,,,,,,"1,2,3,4,5,6,7",1,,Momos,,0,,22,3
ARAFA CHICKEN PARK,Veg Momos Fried 6 Pcs,,132,,,,,,0,0,Veg,11:00AM,10:30PM,,,,,,,"1,2,3,4,5,6,7",1,,Momos,,0,,22,4
ARAFA CHICKEN PARK,Chicken Momos Fried 6 Pcs,,165,,,,,,0,0,Non Veg,11:00AM,10:30PM,,,,,,,"1,2,3,4,5,6,7",1,,Momos,,0,,22,5
ARAFA CHICKEN PARK,Mutton Momos Fried 6 Pcs,,220,,,,,,0,0,Non Veg,11:00AM,10:30PM,,,,,,,"1,2,3,4,5,6,7",1,,Momos,,0,,22,6
ARAFA CHICKEN PARK,Margherita Chicken BBQ Pizza Small ,,165,,,,,,0,0,Non Veg,11:00AM,10:30PM,,,,,,,"1,2,3,4,5,6,7",1,,Pizza Veg & Non Veg,,0,,23,1
ARAFA CHICKEN PARK,Italian Chicken Supreme Pizza Small,,165,,,,,,0,0,Non Veg,11:00AM,10:30PM,,,,,,,"1,2,3,4,5,6,7",1,,Pizza Veg & Non Veg,,0,,23,2
ARAFA CHICKEN PARK,Chicken Tandoori Pizza Small,,165,,,,,,0,0,Non Veg,11:00AM,10:30PM,,,,,,,"1,2,3,4,5,6,7",1,,Pizza Veg & Non Veg,,0,,23,3
ARAFA CHICKEN PARK,Crunchy Fried Chicken Pizza Small,,165,,,,,,0,0,Non Veg,11:00AM,10:30PM,,,,,,,"1,2,3,4,5,6,7",1,,Pizza Veg & Non Veg,,0,,23,4
ARAFA CHICKEN PARK,Margherita Chicken BBQ Pizza Medium,,242,,,,,,0,0,Non Veg,11:00AM,10:30PM,,,,,,,"1,2,3,4,5,6,7",1,,Pizza Veg & Non Veg,,0,,23,5
ARAFA CHICKEN PARK,Italian Chicken Sureme Pizza Medium,,242,,,,,,0,0,Non Veg,11:00AM,10:30PM,,,,,,,"1,2,3,4,5,6,7",1,,Pizza Veg & Non Veg,,0,,23,6
ARAFA CHICKEN PARK,Chicken Tandoori Pizza Medium,,242,,,,,,0,0,Non Veg,11:00AM,10:30PM,,,,,,,"1,2,3,4,5,6,7",1,,Pizza Veg & Non Veg,,0,,23,7
ARAFA CHICKEN PARK,Crunchy Fried Chicken Pizza Medium,,242,,,,,,0,0,Non Veg,11:00AM,10:30PM,,,,,,,"1,2,3,4,5,6,7",1,,Pizza Veg & Non Veg,,0,,23,8
ARAFA CHICKEN PARK,Margherita Chicken BBQ Pizza Large,,297,,,,,,0,0,Non Veg,11:00AM,10:30PM,,,,,,,"1,2,3,4,5,6,7",1,,Pizza Veg & Non Veg,,0,,23,9
ARAFA CHICKEN PARK,Italian Chicken Sureme Pizza Large,,297,,,,,,0,0,Non Veg,11:00AM,10:30PM,,,,,,,"1,2,3,4,5,6,7",1,,Pizza Veg & Non Veg,,0,,23,10
ARAFA CHICKEN PARK,Chicken Tandoori Pizza Large,,297,,,,,,0,0,Non Veg,11:00AM,10:30PM,,,,,,,"1,2,3,4,5,6,7",1,,Pizza Veg & Non Veg,,0,,23,11
ARAFA CHICKEN PARK,Crunchy Fried Chicken Pizza Large,,297,,,,,,0,0,Non Veg,11:00AM,10:30PM,,,,,,,"1,2,3,4,5,6,7",1,,Pizza Veg & Non Veg,,0,,23,12
ARAFA CHICKEN PARK,Classic Mushroom Pizza Small,,165,,,,,,0,0,Veg,11:00AM,10:30PM,,,,,,,"1,2,3,4,5,6,7",1,,Pizza Veg & Non Veg,,0,,23,13
ARAFA CHICKEN PARK,Supreme Panner Pizza Small,,165,,,,,,0,0,Veg,11:00AM,10:30PM,,,,,,,"1,2,3,4,5,6,7",1,,Pizza Veg & Non Veg,,0,,23,14
ARAFA CHICKEN PARK,Veg Supreme Mix Pizza Small,,165,,,,,,0,0,Veg,11:00AM,10:30PM,,,,,,,"1,2,3,4,5,6,7",1,,Pizza Veg & Non Veg,,0,,23,15
ARAFA CHICKEN PARK,Tandoori Panner Pizza Small,,165,,,,,,0,0,Veg,11:00AM,10:30PM,,,,,,,"1,2,3,4,5,6,7",1,,Pizza Veg & Non Veg,,0,,23,16
ARAFA CHICKEN PARK,Country Feast Tandoori Mushroom Pizza Small,,165,,,,,,0,0,Veg,11:00AM,10:30PM,,,,,,,"1,2,3,4,5,6,7",1,,Pizza Veg & Non Veg,,0,,23,17
ARAFA CHICKEN PARK,Sweet Corn Pizza Small,,165,,,,,,0,0,Veg,11:00AM,10:30PM,,,,,,,"1,2,3,4,5,6,7",1,,Pizza Veg & Non Veg,,0,,23,18
ARAFA CHICKEN PARK,Mix Fruit Pizza Small,,165,,,,,,0,0,Veg,11:00AM,10:30PM,,,,,,,"1,2,3,4,5,6,7",1,,Pizza Veg & Non Veg,,0,,23,19
ARAFA CHICKEN PARK,Classic Mushroom Pizza Medium,,242,,,,,,0,0,Veg,11:00AM,10:30PM,,,,,,,"1,2,3,4,5,6,7",1,,Pizza Veg & Non Veg,,0,,23,20
ARAFA CHICKEN PARK,Supreme Panner Pizza Medium,,242,,,,,,0,0,Veg,11:00AM,10:30PM,,,,,,,"1,2,3,4,5,6,7",1,,Pizza Veg & Non Veg,,0,,23,21
ARAFA CHICKEN PARK,Veg Supreme Mix Pizza Mediuml,,242,,,,,,0,0,Veg,11:00AM,10:30PM,,,,,,,"1,2,3,4,5,6,7",1,,Pizza Veg & Non Veg,,0,,23,22
ARAFA CHICKEN PARK,Tandoori Panner Pizza Medium,,242,,,,,,0,0,Veg,11:00AM,10:30PM,,,,,,,"1,2,3,4,5,6,7",1,,Pizza Veg & Non Veg,,0,,23,23
ARAFA CHICKEN PARK,Country Feast Tandoori Mushroom Pizza Medium,,242,,,,,,0,0,Veg,11:00AM,10:30PM,,,,,,,"1,2,3,4,5,6,7",1,,Pizza Veg & Non Veg,,0,,23,24
ARAFA CHICKEN PARK,Sweet Corn Pizza Medium,,242,,,,,,0,0,Veg,11:00AM,10:30PM,,,,,,,"1,2,3,4,5,6,7",1,,Pizza Veg & Non Veg,,0,,23,25
ARAFA CHICKEN PARK,Mix Fruit Pizza Medium,,242,,,,,,0,0,Veg,11:00AM,10:30PM,,,,,,,"1,2,3,4,5,6,7",1,,Pizza Veg & Non Veg,,0,,23,26
ARAFA CHICKEN PARK,Classic Mushroom Pizza Large,,297,,,,,,0,0,Veg,11:00AM,10:30PM,,,,,,,"1,2,3,4,5,6,7",1,,Pizza Veg & Non Veg,,0,,23,27
ARAFA CHICKEN PARK,Supreme Panner Pizza Large,,297,,,,,,0,0,Veg,11:00AM,10:30PM,,,,,,,"1,2,3,4,5,6,7",1,,Pizza Veg & Non Veg,,0,,23,28
ARAFA CHICKEN PARK,Veg Supreme Mix Pizza Large,,297,,,,,,0,0,Veg,11:00AM,10:30PM,,,,,,,"1,2,3,4,5,6,7",1,,Pizza Veg & Non Veg,,0,,23,29
ARAFA CHICKEN PARK,Tandoori Panner Pizza Large,,297,,,,,,0,0,Veg,11:00AM,10:30PM,,,,,,,"1,2,3,4,5,6,7",1,,Pizza Veg & Non Veg,,0,,23,30
ARAFA CHICKEN PARK,Country Feast Tandoori Mushroom Pizza Large,,297,,,,,,0,0,Veg,11:00AM,10:30PM,,,,,,,"1,2,3,4,5,6,7",1,,Pizza Veg & Non Veg,,0,,23,31
ARAFA CHICKEN PARK,Sweet Corn Pizza Large,,297,,,,,,0,0,Veg,11:00AM,10:30PM,,,,,,,"1,2,3,4,5,6,7",1,,Pizza Veg & Non Veg,,0,,23,32
ARAFA CHICKEN PARK,Mix Fruit Pizza Large,,297,,,,,,0,0,Veg,11:00AM,10:30PM,,,,,,,"1,2,3,4,5,6,7",1,,Pizza Veg & Non Veg,,0,,23,33
ARAFA CHICKEN PARK,Mexican Fried Chicken Cheese Sandwich,,165,,,,,,0,0,Non Veg,11:00AM,10:30PM,,,,,,,"1,2,3,4,5,6,7",1,,Sandwich,,0,,24,1
ARAFA CHICKEN PARK,Italian BBQ Chicken Cheese Sandwich,,165,,,,,,0,0,Non Veg,11:00AM,10:30PM,,,,,,,"1,2,3,4,5,6,7",1,,Sandwich,,0,,24,2
ARAFA CHICKEN PARK,Tandoori Tikka Cheese Sandwich,,165,,,,,,0,0,Non Veg,11:00AM,10:30PM,,,,,,,"1,2,3,4,5,6,7",1,,Sandwich,,0,,24,3
ARAFA CHICKEN PARK,Peri Peri Chicken Sandwich,,165,,,,,,0,0,Non Veg,11:00AM,10:30PM,,,,,,,"1,2,3,4,5,6,7",1,,Sandwich,,0,,24,4
ARAFA CHICKEN PARK,Chicken Patty Sandwich,,165,,,,,,0,0,Non Veg,11:00AM,10:30PM,,,,,,,"1,2,3,4,5,6,7",1,,Sandwich,,0,,24,5
ARAFA CHICKEN PARK,Mutton Sandwich,,165,,,,,,0,0,Non Veg,11:00AM,10:30PM,,,,,,,"1,2,3,4,5,6,7",1,,Sandwich,,0,,24,6
ARAFA CHICKEN PARK,Mixed Veg Cheese Sandwich ,,165,,,,,,0,0,Veg,11:00AM,10:30PM,,,,,,,"1,2,3,4,5,6,7",1,,Sandwich,,0,,24,7
ARAFA CHICKEN PARK,Cheese Burger with Fried Chicken,,165,,,,,,0,0,Non Veg,11:00AM,10:30PM,,,,,,,"1,2,3,4,5,6,7",1,,Burger,,0,,25,1
ARAFA CHICKEN PARK,Cheese Burger with Chicken Patty,,165,,,,,,0,0,Non Veg,11:00AM,10:30PM,,,,,,,"1,2,3,4,5,6,7",1,,Burger,,0,,25,2
ARAFA CHICKEN PARK,Mexican Fried Chicken Cheese Burger,,165,,,,,,0,0,Non Veg,11:00AM,10:30PM,,,,,,,"1,2,3,4,5,6,7",1,,Burger,,0,,25,3
ARAFA CHICKEN PARK,Italian BBQ Chicken Cheese Burger,,165,,,,,,0,0,Non Veg,11:00AM,10:30PM,,,,,,,"1,2,3,4,5,6,7",1,,Burger,,0,,25,4
ARAFA CHICKEN PARK,Tandoori Tikka Cheese Burger,,165,,,,,,0,0,Non Veg,11:00AM,10:30PM,,,,,,,"1,2,3,4,5,6,7",1,,Burger,,0,,25,5
ARAFA CHICKEN PARK,Peri Peri Chicken Burger,,165,,,,,,0,0,Non Veg,11:00AM,10:30PM,,,,,,,"1,2,3,4,5,6,7",1,,Burger,,0,,25,6
ARAFA CHICKEN PARK,Chicken Patty Burger,,165,,,,,,0,0,Non Veg,11:00AM,10:30PM,,,,,,,"1,2,3,4,5,6,7",1,,Burger,,0,,25,7
ARAFA CHICKEN PARK,Chicken Marrie Gold Buger,,165,,,,,,0,0,Non Veg,11:00AM,10:30PM,,,,,,,"1,2,3,4,5,6,7",1,,Burger,,0,,25,8
ARAFA CHICKEN PARK,Mutton Burger,,264,,,,,,0,0,Non Veg,11:00AM,10:30PM,,,,,,,"1,2,3,4,5,6,7",1,,Burger,,0,,25,9
ARAFA CHICKEN PARK,Cheese Burger with Veg Patty,,165,,,,,,0,0,Veg,11:00AM,10:30PM,,,,,,,"1,2,3,4,5,6,7",1,,Burger,,0,,25,10
ARAFA CHICKEN PARK,Panner Burger,,165,,,,,,0,0,Veg,11:00AM,10:30PM,,,,,,,"1,2,3,4,5,6,7",1,,Burger,,0,,25,11
ARAFA CHICKEN PARK,Double Layer Cheese Burger with Fried Chicken,,242,,,,,,0,0,Non Veg,11:00AM,10:30PM,,,,,,,"1,2,3,4,5,6,7",1,,Burger,,0,,25,12
ARAFA CHICKEN PARK,Double Layer Cheese Burger with Chicken Patty,,242,,,,,,0,0,Non Veg,11:00AM,10:30PM,,,,,,,"1,2,3,4,5,6,7",1,,Burger,,0,,25,13
ARAFA CHICKEN PARK,Double Layer Mexican Fried Chicken Cheese Burger,,242,,,,,,0,0,Non Veg,11:00AM,10:30PM,,,,,,,"1,2,3,4,5,6,7",1,,Burger,,0,,25,14
ARAFA CHICKEN PARK,Double Layer Italian BBQ Chicken Cheese Burger,,242,,,,,,0,0,Non Veg,11:00AM,10:30PM,,,,,,,"1,2,3,4,5,6,7",1,,Burger,,0,,25,15
ARAFA CHICKEN PARK,Double Layer Tandoori Tikka Cheese Burger,,242,,,,,,0,0,Non Veg,11:00AM,10:30PM,,,,,,,"1,2,3,4,5,6,7",1,,Burger,,0,,25,16
ARAFA CHICKEN PARK,Double Layer Peri Peri Chicken Burger,,242,,,,,,0,0,Non Veg,11:00AM,10:30PM,,,,,,,"1,2,3,4,5,6,7",1,,Burger,,0,,25,17
ARAFA CHICKEN PARK,Double Layer Chicken Patty Burger,,242,,,,,,0,0,Non Veg,11:00AM,10:30PM,,,,,,,"1,2,3,4,5,6,7",1,,Burger,,0,,25,18
ARAFA CHICKEN PARK,Double Layer Chicken Marrie Gold Buger,,242,,,,,,0,0,Non Veg,11:00AM,10:30PM,,,,,,,"1,2,3,4,5,6,7",1,,Burger,,0,,25,19
ARAFA CHICKEN PARK,Double Layer Mutton Burger,,308,,,,,,0,0,Non Veg,11:00AM,10:30PM,,,,,,,"1,2,3,4,5,6,7",1,,Burger,,0,,25,20
ARAFA CHICKEN PARK,Double Layer Cheese Burger with Veg Patty,,286,,,,,,0,0,Veg,11:00AM,10:30PM,,,,,,,"1,2,3,4,5,6,7",1,,Burger,,0,,25,21
ARAFA CHICKEN PARK,Double Layer Panner Burger,,286,,,,,,0,0,Veg,11:00AM,10:30PM,,,,,,,"1,2,3,4,5,6,7",1,,Burger,,0,,25,22
ARAFA CHICKEN PARK,Lime Soda Salt,,77,,,,,,0,0,Veg,11:00AM,10:30PM,,,,,,,"1,2,3,4,5,6,7",1,,Soda,,0,,26,1
ARAFA CHICKEN PARK,Lime Soda Sweet,,77,,,,,,0,0,Veg,11:00AM,10:30PM,,,,,,,"1,2,3,4,5,6,7",1,,Soda,,0,,26,2
ARAFA CHICKEN PARK,Lime Soda Salt & Sweet,,77,,,,,,0,0,Veg,11:00AM,10:30PM,,,,,,,"1,2,3,4,5,6,7",1,,Soda,,0,,26,3
ARAFA CHICKEN PARK,Orange Lime Soda,,99,,,,,,0,0,Veg,11:00AM,10:30PM,,,,,,,"1,2,3,4,5,6,7",1,,Soda,,0,,26,4
ARAFA CHICKEN PARK,Grape Lime Soda,,99,,,,,,0,0,Veg,11:00AM,10:30PM,,,,,,,"1,2,3,4,5,6,7",1,,Soda,,0,,26,5
ARAFA CHICKEN PARK,Pineapple Lime Soda,,99,,,,,,0,0,Veg,11:00AM,10:30PM,,,,,,,"1,2,3,4,5,6,7",1,,Soda,,0,,26,6
ARAFA CHICKEN PARK,Mint Lime Soda,,99,,,,,,0,0,Veg,11:00AM,10:30PM,,,,,,,"1,2,3,4,5,6,7",1,,Soda,,0,,26,7
ARAFA CHICKEN PARK,Masala Soda,,99,,,,,,0,0,Veg,11:00AM,10:30PM,,,,,,,"1,2,3,4,5,6,7",1,,Soda,,0,,26,8
ARAFA CHICKEN PARK,Nannari Sarbath Soda,,99,,,,,,0,0,Veg,11:00AM,10:30PM,,,,,,,"1,2,3,4,5,6,7",1,,Soda,,0,,26,9
ARAFA CHICKEN PARK,Lime Juice,,77,,,,,,0,0,Veg,11:00AM,10:30PM,,,,,,,"1,2,3,4,5,6,7",1,,Lime Juice,,0,,27,1
ARAFA CHICKEN PARK,Grape Lime,,88,,,,,,0,0,Veg,11:00AM,10:30PM,,,,,,,"1,2,3,4,5,6,7",1,,Lime Juice,,0,,27,2
ARAFA CHICKEN PARK,Orange Lime,,88,,,,,,0,0,Veg,11:00AM,10:30PM,,,,,,,"1,2,3,4,5,6,7",1,,Lime Juice,,0,,27,3
ARAFA CHICKEN PARK,Pineapple Lime,,88,,,,,,0,0,Veg,11:00AM,10:30PM,,,,,,,"1,2,3,4,5,6,7",1,,Lime Juice,,0,,27,4
ARAFA CHICKEN PARK,Mint Lime,,88,,,,,,0,0,Veg,11:00AM,10:30PM,,,,,,,"1,2,3,4,5,6,7",1,,Lime Juice,,0,,27,5
ARAFA CHICKEN PARK,Fresh Orange Juice,,154,,,,,,0,0,Veg,11:00AM,10:30PM,,,,,,,"1,2,3,4,5,6,7",1,,Fresh Juice,,0,,28,1
ARAFA CHICKEN PARK,Fresh Pineapple Juice,,154,,,,,,0,0,Veg,11:00AM,10:30PM,,,,,,,"1,2,3,4,5,6,7",1,,Fresh Juice,,0,,28,2
ARAFA CHICKEN PARK,Fresh Grape Juice,,154,,,,,,0,0,Veg,11:00AM,10:30PM,,,,,,,"1,2,3,4,5,6,7",1,,Fresh Juice,,0,,28,3
ARAFA CHICKEN PARK,Fresh Sathukudi Juice,,154,,,,,,0,0,Veg,11:00AM,10:30PM,,,,,,,"1,2,3,4,5,6,7",1,,Fresh Juice,,0,,28,4
ARAFA CHICKEN PARK,Fresh Watermelon Juice,,154,,,,,,0,0,Veg,11:00AM,10:30PM,,,,,,,"1,2,3,4,5,6,7",1,,Fresh Juice,,0,,28,5
ARAFA CHICKEN PARK,Fresh Pappaya Juice,,154,,,,,,0,0,Veg,11:00AM,10:30PM,,,,,,,"1,2,3,4,5,6,7",1,,Fresh Juice,,0,,28,6
ARAFA CHICKEN PARK,Fresh Apple Juice,,154,,,,,,0,0,Veg,11:00AM,10:30PM,,,,,,,"1,2,3,4,5,6,7",1,,Fresh Juice,,0,,28,7
ARAFA CHICKEN PARK,Fresh Pine Orange Juice,,154,,,,,,0,0,Veg,11:00AM,10:30PM,,,,,,,"1,2,3,4,5,6,7",1,,Fresh Juice,,0,,28,8
ARAFA CHICKEN PARK,Fresh Fruit Cocktail Juice,,187,,,,,,0,0,Veg,11:00AM,10:30PM,,,,,,,"1,2,3,4,5,6,7",1,,Fresh Juice,,0,,28,9
ARAFA CHICKEN PARK,Mini Falooda,,132,,,,,,0,0,Veg,11:00AM,10:30PM,,,,,,,"1,2,3,4,5,6,7",1,,Desserts,,0,,29,1
ARAFA CHICKEN PARK,Royal Falooda with Nuts & Fruits,,198,,,,,,0,0,Veg,11:00AM,10:30PM,,,,,,,"1,2,3,4,5,6,7",1,,Desserts,,0,,29,2
ARAFA CHICKEN PARK,Mixed Fruit Salad with Toppings,,132,,,,,,0,0,Veg,11:00AM,10:30PM,,,,,,,"1,2,3,4,5,6,7",1,,Desserts,,0,,29,3
ARAFA CHICKEN PARK,Mixed Fruit Salad with Ice Cream & Topings,,165,,,,,,0,0,Veg,11:00AM,10:30PM,,,,,,,"1,2,3,4,5,6,7",1,,Desserts,,0,,29,4
ARAFA CHICKEN PARK,Sizzling Brownie 1 Pc,Cake & Ice Cream Served in Hot Plate,209,,,,,,0,0,Veg,11:00AM,10:30PM,,,,,,,"1,2,3,4,5,6,7",1,,Desserts,,0,,29,5
ARAFA CHICKEN PARK,Sizzling Brownie 2 Pc,Cake & Ice Cream Served in Hot Plate,286,,,,,,0,0,Veg,11:00AM,10:30PM,,,,,,,"1,2,3,4,5,6,7",1,,Desserts,,0,,29,6
ARAFA CHICKEN PARK,Elaneer Payasam,,132,,,,,,0,0,Veg,11:00AM,10:30PM,,,,,,,"1,2,3,4,5,6,7",1,,Desserts,,0,,29,7
ARAFA CHICKEN PARK,Elaneer Payasam with Ice Scoop,,165,,,,,,0,0,Veg,11:00AM,10:30PM,,,,,,,"1,2,3,4,5,6,7",1,,Desserts,,0,,29,8
ARAFA CHICKEN PARK,Rawa Firni,,55,,,,,,0,0,Veg,11:00AM,10:30PM,,,,,,,"1,2,3,4,5,6,7",1,,Desserts,,0,,29,9
ARAFA CHICKEN PARK,Rawa Firni with Ice Cream,,88,,,,,,0,0,Veg,11:00AM,10:30PM,,,,,,,"1,2,3,4,5,6,7",1,,Desserts,,0,,29,10
ARAFA CHICKEN PARK,Vannila Ice Cream with Toppings,,88,,,,,,0,0,Veg,11:00AM,10:30PM,,,,,,,"1,2,3,4,5,6,7",1,,Ice Cream Scoops,,0,,30,1
ARAFA CHICKEN PARK,Butter Scotch Ice Cream with Toppings,,88,,,,,,0,0,Veg,11:00AM,10:30PM,,,,,,,"1,2,3,4,5,6,7",1,,Ice Cream Scoops,,0,,30,2
ARAFA CHICKEN PARK,Pista Ice Cream with Toppings,,88,,,,,,0,0,Veg,11:00AM,10:30PM,,,,,,,"1,2,3,4,5,6,7",1,,Ice Cream Scoops,,0,,30,3
ARAFA CHICKEN PARK,Chocolate Ice Cream with Toppings,,88,,,,,,0,0,Veg,11:00AM,10:30PM,,,,,,,"1,2,3,4,5,6,7",1,,Ice Cream Scoops,,0,,30,4
ARAFA CHICKEN PARK,Strawberry Ice Cream with Toppings,,88,,,,,,0,0,Veg,11:00AM,10:30PM,,,,,,,"1,2,3,4,5,6,7",1,,Ice Cream Scoops,,0,,30,5
ARAFA CHICKEN PARK,Mango Ice Cream with Toppings,,88,,,,,,0,0,Veg,11:00AM,10:30PM,,,,,,,"1,2,3,4,5,6,7",1,,Ice Cream Scoops,,0,,30,6
ARAFA CHICKEN PARK,Sweet Beeda,,33,,,,,,0,0,Veg,11:00AM,10:30PM,,,,,,,"1,2,3,4,5,6,7",1,,Ice Cream Scoops,,0,,30,7
ARAFA CHICKEN PARK,Vannilla Milkshake (with out Ice Cream),,143,,,,,,0,0,Veg,11:00AM,10:30PM,,,,,,,"1,2,3,4,5,6,7",1,,Milkshake,,0,,31,1
ARAFA CHICKEN PARK,Pista Milkshake (with out Ice Cream),,154,,,,,,0,0,Veg,11:00AM,10:30PM,,,,,,,"1,2,3,4,5,6,7",1,,Milkshake,,0,,31,2
ARAFA CHICKEN PARK,Strawberry Milkshake (with out Ice Cream),,154,,,,,,0,0,Veg,11:00AM,10:30PM,,,,,,,"1,2,3,4,5,6,7",1,,Milkshake,,0,,31,3
ARAFA CHICKEN PARK,Butter Scotch Milkshake (with out Ice Cream),,154,,,,,,0,0,Veg,11:00AM,10:30PM,,,,,,,"1,2,3,4,5,6,7",1,,Milkshake,,0,,31,4
ARAFA CHICKEN PARK,Chocolate Milkshake (with out Ice Cream),,154,,,,,,0,0,Veg,11:00AM,10:30PM,,,,,,,"1,2,3,4,5,6,7",1,,Milkshake,,0,,31,5
ARAFA CHICKEN PARK,Cold Coffee Milkshake (with out Ice Cream),,154,,,,,,0,0,Veg,11:00AM,10:30PM,,,,,,,"1,2,3,4,5,6,7",1,,Milkshake,,0,,31,6
ARAFA CHICKEN PARK,Kiwi Milkshake (with out Ice Cream),,154,,,,,,0,0,Veg,11:00AM,10:30PM,,,,,,,"1,2,3,4,5,6,7",1,,Milkshake,,0,,31,7
ARAFA CHICKEN PARK,Blue Berry Milkshake (with out Ice Cream),,154,,,,,,0,0,Veg,11:00AM,10:30PM,,,,,,,"1,2,3,4,5,6,7",1,,Milkshake,,0,,31,8
ARAFA CHICKEN PARK,Black Current Milkshake (with out Ice Cream),,154,,,,,,0,0,Veg,11:00AM,10:30PM,,,,,,,"1,2,3,4,5,6,7",1,,Milkshake,,0,,31,9
ARAFA CHICKEN PARK,Brownie Choclate Mud Milkshake (with out Ice Cream),,165,,,,,,0,0,Veg,11:00AM,10:30PM,,,,,,,"1,2,3,4,5,6,7",1,,Milkshake,,0,,31,10
ARAFA CHICKEN PARK,Mango Milkshake (with out Ice Cream),,154,,,,,,0,0,Veg,11:00AM,10:30PM,,,,,,,"1,2,3,4,5,6,7",1,,Milkshake,,0,,31,11
ARAFA CHICKEN PARK,Pappaya Milkshake (with out Ice Cream),,154,,,,,,0,0,Veg,11:00AM,10:30PM,,,,,,,"1,2,3,4,5,6,7",1,,Milkshake,,0,,31,12
ARAFA CHICKEN PARK,Pineapple Milkshake (with out Ice Cream),,154,,,,,,0,0,Veg,11:00AM,10:30PM,,,,,,,"1,2,3,4,5,6,7",1,,Milkshake,,0,,31,13
ARAFA CHICKEN PARK,Grape Milkshake (with out Ice Cream),,154,,,,,,0,0,Veg,11:00AM,10:30PM,,,,,,,"1,2,3,4,5,6,7",1,,Milkshake,,0,,31,14
ARAFA CHICKEN PARK,Apple Milkshake (with out Ice Cream),,154,,,,,,0,0,Veg,11:00AM,10:30PM,,,,,,,"1,2,3,4,5,6,7",1,,Milkshake,,0,,31,15
ARAFA CHICKEN PARK,Dates Milkshake (with out Ice Cream),,154,,,,,,0,0,Veg,11:00AM,10:30PM,,,,,,,"1,2,3,4,5,6,7",1,,Milkshake,,0,,31,16
ARAFA CHICKEN PARK,Dry Fruit Mix Milkshake (with out Ice Cream),,154,,,,,,0,0,Veg,11:00AM,10:30PM,,,,,,,"1,2,3,4,5,6,7",1,,Milkshake,,0,,31,17
ARAFA CHICKEN PARK,Dairy Milk Choclate Milkshake (with out Ice Cream),,154,,,,,,0,0,Veg,11:00AM,10:30PM,,,,,,,"1,2,3,4,5,6,7",1,,Milkshake,,0,,31,18
ARAFA CHICKEN PARK,Passion Fruit Milkshake (with out Ice Cream),,154,,,,,,0,0,Veg,11:00AM,10:30PM,,,,,,,"1,2,3,4,5,6,7",1,,Milkshake,,0,,31,19
ARAFA CHICKEN PARK,Hot Choclate Milkshake (Hot) ,,154,,,,,,0,0,Veg,11:00AM,10:30PM,,,,,,,"1,2,3,4,5,6,7",1,,Milkshake,,0,,31,20
ARAFA CHICKEN PARK,Badam Milkshake (Hot) ,,154,,,,,,0,0,Veg,11:00AM,10:30PM,,,,,,,"1,2,3,4,5,6,7",1,,Milkshake,,0,,31,21
ARAFA CHICKEN PARK,Vanilla Milkshake (with 1 Scoop Ice Cream),,176,,,,,,0,0,Veg,11:00AM,10:30PM,,,,,,,"1,2,3,4,5,6,7",1,,Milkshake,,0,,31,22
ARAFA CHICKEN PARK,Pista Milkshake (with 1 Scoop Ice Cream),,187,,,,,,0,0,Veg,11:00AM,10:30PM,,,,,,,"1,2,3,4,5,6,7",1,,Milkshake,,0,,31,23
ARAFA CHICKEN PARK,Strawberry Milkshake (with 1 Scoop Ice Cream),,187,,,,,,0,0,Veg,11:00AM,10:30PM,,,,,,,"1,2,3,4,5,6,7",1,,Milkshake,,0,,31,24
ARAFA CHICKEN PARK,ButterScotch Milkshake (with 1 Scoop Ice Cream),,187,,,,,,0,0,Veg,11:00AM,10:30PM,,,,,,,"1,2,3,4,5,6,7",1,,Milkshake,,0,,31,25
ARAFA CHICKEN PARK,Chocolate Milkshake (with 1 Scoop Ice Cream),,187,,,,,,0,0,Veg,11:00AM,10:30PM,,,,,,,"1,2,3,4,5,6,7",1,,Milkshake,,0,,31,26
ARAFA CHICKEN PARK,Cold Coffee Milkshake (with 1 Scoop Ice Cream),,187,,,,,,0,0,Veg,11:00AM,10:30PM,,,,,,,"1,2,3,4,5,6,7",1,,Milkshake,,0,,31,27
ARAFA CHICKEN PARK,Kiwi Milkshake (with 1 Scoop Ice Cream),,187,,,,,,0,0,Veg,11:00AM,10:30PM,,,,,,,"1,2,3,4,5,6,7",1,,Milkshake,,0,,31,28
ARAFA CHICKEN PARK,Blue Berry Milkshake (with 1 Scoop Ice Cream),,187,,,,,,0,0,Veg,11:00AM,10:30PM,,,,,,,"1,2,3,4,5,6,7",1,,Milkshake,,0,,31,29
ARAFA CHICKEN PARK,Black Current Milkshake (with 1 Scoop Ice Cream),,187,,,,,,0,0,Veg,11:00AM,10:30PM,,,,,,,"1,2,3,4,5,6,7",1,,Milkshake,,0,,31,30
ARAFA CHICKEN PARK,Brownie Chocolate Mud Milkshake (with 1 Scoop Ice Cream),,198,,,,,,0,0,Veg,11:00AM,10:30PM,,,,,,,"1,2,3,4,5,6,7",1,,Milkshake,,0,,31,31
ARAFA CHICKEN PARK,Mango Milkshake (with 1 Scoop Ice Cream),,187,,,,,,0,0,Veg,11:00AM,10:30PM,,,,,,,"1,2,3,4,5,6,7",1,,Milkshake,,0,,31,32
ARAFA CHICKEN PARK,Papaya Milkshake (with 1 Scoop Ice Cream),,187,,,,,,0,0,Veg,11:00AM,10:30PM,,,,,,,"1,2,3,4,5,6,7",1,,Milkshake,,0,,31,33
ARAFA CHICKEN PARK,Pineapple Milkshake (with 1 Scoop Ice Cream),,187,,,,,,0,0,Veg,11:00AM,10:30PM,,,,,,,"1,2,3,4,5,6,7",1,,Milkshake,,0,,31,34
ARAFA CHICKEN PARK,Grape Milkshake (with 1 Scoop Ice Cream),,187,,,,,,0,0,Veg,11:00AM,10:30PM,,,,,,,"1,2,3,4,5,6,7",1,,Milkshake,,0,,31,35
ARAFA CHICKEN PARK,Apple Milkshake (with 1 Scoop Ice Cream),,187,,,,,,0,0,Veg,11:00AM,10:30PM,,,,,,,"1,2,3,4,5,6,7",1,,Milkshake,,0,,31,36
ARAFA CHICKEN PARK,Dates Milkshake (with 1 Scoop Ice Cream),,187,,,,,,0,0,Veg,11:00AM,10:30PM,,,,,,,"1,2,3,4,5,6,7",1,,Milkshake,,0,,31,37
ARAFA CHICKEN PARK,Dry Fruit Mix Milkshake (with 1 Scoop Ice Cream),,187,,,,,,0,0,Veg,11:00AM,10:30PM,,,,,,,"1,2,3,4,5,6,7",1,,Milkshake,,0,,31,38
ARAFA CHICKEN PARK,Dairy Milk Choclate Milkshake (with 1 Scoop Ice Cream),,187,,,,,,0,0,Veg,11:00AM,10:30PM,,,,,,,"1,2,3,4,5,6,7",1,,Milkshake,,0,,31,39
ARAFA CHICKEN PARK,Passion Fruit Milkshake (with 1 Scoop Ice Cream),,187,,,,,,0,0,Veg,11:00AM,10:30PM,,,,,,,"1,2,3,4,5,6,7",1,,Milkshake,,0,,31,40
ARAFA CHICKEN PARK,Onion Raita with Curd,,88,,,,,,0,0,Veg,11:00AM,10:30PM,,,,,,,"1,2,3,4,5,6,7",1,,Salads,,0,,32,1
ARAFA CHICKEN PARK,Mixed Vegtable Salad,,88,,,,,,0,0,Veg,11:00AM,10:30PM,,,,,,,"1,2,3,4,5,6,7",1,,Salads,,0,,32,2
ARAFA CHICKEN PARK,Mixed Fruit Salad Platter,,132,,,,,,0,0,Veg,11:00AM,10:30PM,,,,,,,"1,2,3,4,5,6,7",1,,Salads,,0,,32,3
ARAFA CHICKEN PARK,Hummus (M),,66,,,,,,0,0,Non Veg,11:00AM,10:30PM,,,,,,,"1,2,3,4,5,6,7",1,,Salads,,0,,32,4
ARAFA CHICKEN PARK,Hummus (L),,132,,,,,,0,0,Non Veg,11:00AM,10:30PM,,,,,,,"1,2,3,4,5,6,7",1,,Salads,,0,,32,5
ARAFA CHICKEN PARK,Mutton Soup,,165,,,,,,0,0,Non Veg,11:00AM,10:30PM,,,,,,,"1,2,3,4,5,6,7",1,,Soup,,0,,33,1
ARAFA CHICKEN PARK,Chicken Soup,,132,,,,,,0,0,Non Veg,11:00AM,10:30PM,,,,,,,"1,2,3,4,5,6,7",1,,Soup,,0,,33,2
ARAFA CHICKEN PARK,Crab Soup,,132,,,,,,0,0,Non Veg,11:00AM,10:30PM,,,,,,,"1,2,3,4,5,6,7",1,,Soup,,0,,33,3
ARAFA CHICKEN PARK,Veg Soup,,132,,,,,,0,0,Veg,11:00AM,10:30PM,,,,,,,"1,2,3,4,5,6,7",1,,Soup,,0,,33,4
ARAFA CHICKEN PARK,Mushroom Soup,,132,,,,,,0,0,Veg,11:00AM,10:30PM,,,,,,,"1,2,3,4,5,6,7",1,,Soup,,0,,33,5
ARAFA CHICKEN PARK,Manchow Soup,,132,,,,,,0,0,Veg,11:00AM,10:30PM,,,,,,,"1,2,3,4,5,6,7",1,,Soup,,0,,33,6
ARAFA CHICKEN PARK,Corn Soup,,132,,,,,,0,0,Veg,11:00AM,10:30PM,,,,,,,"1,2,3,4,5,6,7",1,,Soup,,0,,33,7
ARAFA CHICKEN PARK,Blue Lime Mojito,,99,,,,,,0,0,Veg,11:00AM,10:30PM,,,,,,,"1,2,3,4,5,6,7",1,,Mojito,,0,,34,1
ARAFA CHICKEN PARK,Blue Citrus Mojito,,99,,,,,,0,0,Veg,11:00AM,10:30PM,,,,,,,"1,2,3,4,5,6,7",1,,Mojito,,0,,34,2
ARAFA CHICKEN PARK,Water Melon Mojito,,99,,,,,,0,0,Veg,11:00AM,10:30PM,,,,,,,"1,2,3,4,5,6,7",1,,Mojito,,0,,34,3
ARAFA CHICKEN PARK,Vergino Mojito,,66,,,,,,0,0,Veg,11:00AM,10:30PM,,,,,,,"1,2,3,4,5,6,7",1,,Mojito,,0,,34,4
ARAFA CHICKEN PARK,Mint Mojito,,99,,,,,,0,0,Veg,11:00AM,10:30PM,,,,,,,"1,2,3,4,5,6,7",1,,Mojito,,0,,34,5
