restaurant_name,food_item,description,price,special_price,special_from,special_to,packaging_charge,status,available_from,available_to,breakfast_available_from,breakfast_available_to,lunch_available_from,lunch_available_to,dinner_available_from,dinner_available_to,available_days,item_status,image,main_cat,sub_cat,recommended,ingredients,cat_order,product_order,,,
RAJ HOTEL,Veg Clear Soup,,42,,,,0,Veg,12:00PM,11:00PM,,,,,,,"1,2,3,4,5,6,7",1,,Soup,,0,,1,1,,,
RAJ HOTEL,Mushroom Soup,,63,,,,0,Veg,12:00PM,11:00PM,,,,,,,"1,2,3,4,5,6,7",1,,Soup,,0,,1,2,,07:30AM,10:00AM
RAJ HOTEL,Tomato Soup,,42,,,,0,Veg,12:00PM,11:00PM,,,,,,,"1,2,3,4,5,6,7",1,,Soup,,0,,1,3,,,
RAJ HOTEL,Hot  N Sour Veg Soup,,42,,,,0,Veg,12:00PM,11:00PM,,,,,,,"1,2,3,4,5,6,7",1,,Soup,,0,,1,4,,,
RAJ HOTEL,Chicken Clear Soup,,53,,,,0,Non Veg,12:00PM,11:00PM,,,,,,,"1,2,3,4,5,6,7",1,,Soup,,0,,1,5,,,
RAJ HOTEL,Hot N Sour Chicken Soup,,53,,,,0,Non Veg,12:00PM,11:00PM,,,,,,,"1,2,3,4,5,6,7",1,,Soup,,0,,1,7,,,
RAJ HOTEL,Nattukozhi Soup,,53,,,,0,Non Veg,12:00PM,11:00PM,,,,,,,"1,2,3,4,5,6,7",1,,Soup,,0,,1,8,,,
RAJ HOTEL,Kozhi Rasam Soup,,53,,,,0,Non Veg,12:00PM,11:00PM,,,,,,,"1,2,3,4,5,6,7",1,,Soup,,0,,1,9,,,
RAJ HOTEL,Mutton Soup,,63,,,,0,Non Veg,12:00PM,11:00PM,,,,,,,"1,2,3,4,5,6,7",1,,Soup,,0,,1,10,,,
RAJ HOTEL,Crab Soup,,63,,,,0,Non Veg,12:00PM,11:00PM,,,,,,,"1,2,3,4,5,6,7",1,,Soup,,0,,1,11,,,
RAJ HOTEL,Thali Veg Meals,,84,,,,0,Veg,12:00PM,04:00PM,,,,,,,"1,2,3,4,5,6,7",1,,Meals,,0,,1,13,,,
RAJ HOTEL,Thali Veg Meals Special,,126,,,,0,Veg,12:00PM,04:00PM,,,,,,,"1,2,3,4,5,6,7",1,,Meals,,0,,1,14,,,
RAJ HOTEL,Thali Non Veg Meals,,126,,,,0,Non Veg,12:00PM,04:00PM,,,,,,,"1,2,3,4,5,6,7",1,,Meals,,0,,1,16,,,
RAJ HOTEL,Thali Non Veg Meals Special,,189,,,,0,Non Veg,12:00PM,04:00PM,,,,,,,"1,2,3,4,5,6,7",1,,Meals,,0,,2,1,,,
RAJ HOTEL,Sambar Rice,,63,,,,0,Veg,12:00PM,04:00PM,,,,,,,"1,2,3,4,5,6,7",1,,Meals,,0,,2,2,,,
RAJ HOTEL,Curd Rice,,53,,,,0,Veg,12:00PM,04:00PM,,,,,,,"1,2,3,4,5,6,7",1,,Meals,,,,,,,,
RAJ HOTEL,Curd Rice Special,,84,,,,0,Veg,12:00PM,04:00PM,,,,,,,"1,2,3,4,5,6,7",1,,Meals,,0,,2,3,,,
RAJ HOTEL,Curd Rice Ultra Special,,126,,,,0,Veg,12:00PM,04:00PM,,,,,,,"1,2,3,4,5,6,7",1,,Meals,,0,,2,4,,,
RAJ HOTEL,Plain Biriyani,,74,,,,0,Non Veg,12:00PM,10:00PM,,,,,,,"1,2,3,4,5,6,7",1,,Biriyani,,0,,2,5,,,
RAJ HOTEL,Egg Biriyani,,84,,,,0,Non Veg,12:00PM,10:00PM,,,,,,,"1,2,3,4,5,6,7",1,,Biriyani,,0,,2,6,,,
RAJ HOTEL,Chicken Biriyani,,126,,,,0,Non Veg,12:00PM,10:00PM,,,,,,,"1,2,3,4,5,6,7",1,,Biriyani,,0,,2,7,,,
RAJ HOTEL,Nattukozhi Biriyani,,179,,,,0,Non Veg,12:00PM,10:00PM,,,,,,,"1,2,3,4,5,6,7",1,,Biriyani,,0,,2,8,,,
RAJ HOTEL,Mutton Biriyani,,231,,,,0,Non Veg,12:00PM,10:00PM,,,,,,,"1,2,3,4,5,6,7",1,,Biriyani,,0,,2,9,,,
RAJ HOTEL,Fish Biriyani,,189,,,,0,Non Veg,12:00PM,10:00PM,,,,,,,"1,2,3,4,5,6,7",1,,Biriyani,,0,,2,10,,,
RAJ HOTEL,Prawn Biriyani,,210,,,,0,Non Veg,12:00PM,10:00PM,,,,,,,"1,2,3,4,5,6,7",1,,Biriyani,,0,,3,1,,,
RAJ HOTEL,Special Biriyani,,263,,,,0,Non Veg,12:00PM,10:00PM,,,,,,,"1,2,3,4,5,6,7",1,,Biriyani,,,,,,,,
RAJ HOTEL,Idly 2 Nos,,21,,,,0,Veg,06:00PM,11:00PM,,,,,,,"1,2,3,4,5,6,7",1,,Tiffin,,0,,3,2,,,
RAJ HOTEL,Chilly Idly,,84,,,,0,Veg,06:00PM,11:00PM,,,,,,,"1,2,3,4,5,6,7",1,,Tiffin,,0,,3,3,,,
RAJ HOTEL,Pepper Idly,,84,,,,0,Veg,06:00PM,11:00PM,,,,,,,"1,2,3,4,5,6,7",1,,Tiffin,,0,,3,4,,,
RAJ HOTEL,Kal Dosai,,21,,,,0,Veg,06:00PM,11:00PM,,,,,,,"1,2,3,4,5,6,7",1,,Tiffin,,0,,3,5,,,
RAJ HOTEL,Nice Dosai,,32,,,,0,Veg,06:00PM,11:00PM,,,,,,,"1,2,3,4,5,6,7",1,,Tiffin,,0,,3,6,,,
RAJ HOTEL,Plain Roast,,53,,,,0,Veg,06:00PM,11:00PM,,,,,,,"1,2,3,4,5,6,7",1,,Tiffin,,0,,3,7,,,
RAJ HOTEL,Onion Roast,,84,,,,0,Veg,06:00PM,11:00PM,,,,,,,"1,2,3,4,5,6,7",1,,Tiffin,,0,,3,8,,,
RAJ HOTEL,Onion Uthappam,,63,,,,0,Veg,06:00PM,11:00PM,,,,,,,"1,2,3,4,5,6,7",1,,Tiffin,,0,,3,9,,,
RAJ HOTEL,Rava Dosai,,53,,,,0,Veg,06:00PM,11:00PM,,,,,,,"1,2,3,4,5,6,7",1,,Tiffin,,0,,3,10,,,
RAJ HOTEL,Onion Rava Dosai,,74,,,,0,Veg,06:00PM,11:00PM,,,,,,,"1,2,3,4,5,6,7",1,,Tiffin,,0,,3,11,,,
RAJ HOTEL,Ghee Rava Roast,,84,,,,0,Veg,06:00PM,11:00PM,,,,,,,"1,2,3,4,5,6,7",1,,Tiffin,,0,,3,12,,,
RAJ HOTEL,Ghee Roast,,84,,,,0,Veg,06:00PM,11:00PM,,,,,,,"1,2,3,4,5,6,7",1,,Tiffin,,,,,,,,
RAJ HOTEL,Ghee Onion Roast,,105,,,,0,Veg,06:00PM,11:00PM,,,,,,,"1,2,3,4,5,6,7",1,,Tiffin,,,,,,,,
RAJ HOTEL,Mushroom Dosai,,105,,,,0,Veg,06:00PM,11:00PM,,,,,,,"1,2,3,4,5,6,7",1,,Tiffin,,0,,3,13,,,
RAJ HOTEL,Gobi Dosai  ,,105,,,,0,Veg,06:00PM,11:00PM,,,,,,,"1,2,3,4,5,6,7",1,,Tiffin,,0,,4,1,,,
RAJ HOTEL,Paneer Dosai,,105,,,,0,Veg,06:00PM,11:00PM,,,,,,,"1,2,3,4,5,6,7",1,,Tiffin,,0,,4,2,,,
RAJ HOTEL,Butter Dosai,,105,,,,0,Veg,06:00PM,11:00PM,,,,,,,"1,2,3,4,5,6,7",1,,Tiffin,,,,,,,,
RAJ HOTEL,Cheese Dosai,,137,,,,0,Veg,06:00PM,11:00PM,,,,,,,"1,2,3,4,5,6,7",1,,Tiffin,,,,,,,,
RAJ HOTEL,Tomato Uthappam,,74,,,,0,Veg,06:00PM,11:00PM,,,,,,,"1,2,3,4,5,6,7",1,,Tiffin,,,,,,,,
RAJ HOTEL,Cheese Uthappam,,126,,,,0,Veg,06:00PM,11:00PM,,,,,,,"1,2,3,4,5,6,7",1,,Tiffin,,,,,,,,
RAJ HOTEL,Podi Dosai,,53,,,,0,Veg,06:00PM,11:00PM,,,,,,,"1,2,3,4,5,6,7",1,,Tiffin,,,,,,,,
RAJ HOTEL,Egg Dosai,,53,,,,0,Non Veg,06:00PM,11:00PM,,,,,,,"1,2,3,4,5,6,7",1,,Tiffin,,,,,,,,
RAJ HOTEL,Egg Roast,,74,,,,0,Non Veg,06:00PM,11:00PM,,,,,,,"1,2,3,4,5,6,7",1,,Tiffin,,,,,,,,
RAJ HOTEL,Chicken Curry Dosai,,189,,,,0,Non Veg,06:00PM,11:00PM,,,,,,,"1,2,3,4,5,6,7",1,,Tiffin,,,,,,,,
RAJ HOTEL,Mutton Curry Dosai,,231,,,,0,Non Veg,06:00PM,11:00PM,,,,,,,"1,2,3,4,5,6,7",1,,Tiffin,,,,,,,,
RAJ HOTEL,Boiled Egg,,11,,,,0,Non Veg,12:00PM,10:00PM,,,,,,,"1,2,3,4,5,6,7",1,,Egg Dishes,,,,,,,,
RAJ HOTEL,Masala Omelette,,32,,,,0,Non Veg,12:00PM,10:00PM,,,,,,,"1,2,3,4,5,6,7",1,,Egg Dishes,,,,,,,,
RAJ HOTEL,Plain Omelette,,21,,,,0,Non Veg,12:00PM,10:00PM,,,,,,,"1,2,3,4,5,6,7",1,,Egg Dishes,,,,,,,,
RAJ HOTEL,Egg Poriyal,,42,,,,0,Non Veg,12:00PM,10:00PM,,,,,,,"1,2,3,4,5,6,7",1,,Egg Dishes,,,,,,,,
RAJ HOTEL,Mutta Mass,,53,,,,0,Non Veg,12:00PM,10:00PM,,,,,,,"1,2,3,4,5,6,7",1,,Egg Dishes,,,,,,,,
RAJ HOTEL,Egg Hot Pepper,,84,,,,0,Non Veg,12:00PM,10:00PM,,,,,,,"1,2,3,4,5,6,7",1,,Egg Dishes,,,,,,,,
RAJ HOTEL,Chicken 65,,105,,,,0,Non Veg,12:00PM,10:00PM,,,,,,,"1,2,3,4,5,6,7",1,,Non Veg Starters,,,,,,,,
RAJ HOTEL,Chicken Chilly,,126,,,,0,Non Veg,12:00PM,10:00PM,,,,,,,"1,2,3,4,5,6,7",1,,Non Veg Starters,,,,,,,,
RAJ HOTEL,Chicken Manchurian,,137,,,,0,Non Veg,12:00PM,10:00PM,,,,,,,"1,2,3,4,5,6,7",1,,Non Veg Starters,,,,,,,,
RAJ HOTEL,Chicken 65 Boneless,,137,,,,0,Non Veg,12:00PM,10:00PM,,,,,,,"1,2,3,4,5,6,7",1,,Non Veg Starters,,,,,,,,
RAJ HOTEL,Chicken Lollipop,,132,,,,0,Non Veg,12:00PM,10:00PM,,,,,,,"1,2,3,4,5,6,7",1,,Non Veg Starters,,,,,,,,
RAJ HOTEL,Drums of Heaven,,147,,,,0,Non Veg,12:00PM,10:00PM,,,,,,,"1,2,3,4,5,6,7",1,,Non Veg Starters,,,,,,,,
RAJ HOTEL,Garlic Chicken,,137,,,,0,Non Veg,12:00PM,10:00PM,,,,,,,"1,2,3,4,5,6,7",1,,Non Veg Starters,,,,,,,,
RAJ HOTEL,Ginger Chicken,,137,,,,0,Non Veg,12:00PM,10:00PM,,,,,,,"1,2,3,4,5,6,7",1,,Non Veg Starters,,,,,,,,
RAJ HOTEL,Boundary Chicken,,158,,,,0,Non Veg,12:00PM,10:00PM,,,,,,,"1,2,3,4,5,6,7",1,,Non Veg Starters,,,,,,,,
RAJ HOTEL,Hyderabad Chicken,,158,,,,0,Non Veg,12:00PM,10:00PM,,,,,,,"1,2,3,4,5,6,7",1,,Non Veg Starters,,,,,,,,
RAJ HOTEL,Mint Chicken,,158,,,,0,Non Veg,12:00PM,10:00PM,,,,,,,"1,2,3,4,5,6,7",1,,Non Veg Starters,,,,,,,,
RAJ HOTEL,Dragon Chicken,,189,,,,0,Non Veg,12:00PM,10:00PM,,,,,,,"1,2,3,4,5,6,7",1,,Non Veg Starters,,,,,,,,
RAJ HOTEL,Hot Pepper Chicken,,179,,,,0,Non Veg,12:00PM,10:00PM,,,,,,,"1,2,3,4,5,6,7",1,,Non Veg Starters,,,,,,,,
RAJ HOTEL,Schezwan Chicken,,189,,,,0,Non Veg,12:00PM,10:00PM,,,,,,,"1,2,3,4,5,6,7",1,,Non Veg Starters,,,,,,,,
RAJ HOTEL,Honey Chicken,,210,,,,0,Non Veg,12:00PM,10:00PM,,,,,,,"1,2,3,4,5,6,7",1,,Non Veg Starters,,,,,,,,
RAJ HOTEL,Chicken 777,,210,,,,0,Non Veg,12:00PM,10:00PM,,,,,,,"1,2,3,4,5,6,7",1,,Non Veg Starters,,,,,,,,
RAJ HOTEL,Chicken 007,,210,,,,0,Non Veg,12:00PM,10:00PM,,,,,,,"1,2,3,4,5,6,7",1,,Non Veg Starters,,,,,,,,
RAJ HOTEL,Chicken Maharani,,189,,,,0,Non Veg,12:00PM,10:00PM,,,,,,,"1,2,3,4,5,6,7",1,,Non Veg Starters,,,,,,,,
RAJ HOTEL,Kerala Chicken,,158,,,,0,Non Veg,12:00PM,10:00PM,,,,,,,"1,2,3,4,5,6,7",1,,Non Veg Starters,,,,,,,,
RAJ HOTEL,Bombay Chicken,,179,,,,0,Non Veg,12:00PM,10:00PM,,,,,,,"1,2,3,4,5,6,7",1,,Non Veg Starters,,,,,,,,
RAJ HOTEL,Ooty Chicken,,179,,,,0,Non Veg,12:00PM,10:00PM,,,,,,,"1,2,3,4,5,6,7",1,,Non Veg Starters,,,,,,,,
RAJ HOTEL,Covai Special Chicken,,210,,,,0,Non Veg,12:00PM,10:00PM,,,,,,,"1,2,3,4,5,6,7",1,,Non Veg Starters,,,,,,,,
RAJ HOTEL,Singapore Chicken,,263,,,,0,Non Veg,12:00PM,10:00PM,,,,,,,"1,2,3,4,5,6,7",1,,Non Veg Starters,,,,,,,,
RAJ HOTEL,Chicken Pepper Fry,,137,,,,0,Non Veg,12:00PM,10:00PM,,,,,,,"1,2,3,4,5,6,7",1,,Non Veg Starters,,,,,,,,
RAJ HOTEL,Chicken Varuval,,105,,,,0,Non Veg,12:00PM,10:00PM,,,,,,,"1,2,3,4,5,6,7",1,,Non Veg Starters,,,,,,,,
RAJ HOTEL,Nattukozhi Pallipalayam,,189,,,,0,Non Veg,12:00PM,10:00PM,,,,,,,"1,2,3,4,5,6,7",1,,Non Veg Starters,,,,,,,,
RAJ HOTEL,Nattukozhi Chinthamani,,189,,,,0,Non Veg,12:00PM,10:00PM,,,,,,,"1,2,3,4,5,6,7",1,,Non Veg Starters,,,,,,,,
RAJ HOTEL,Nattukozhi Pepper Fry,,189,,,,0,Non Veg,12:00PM,10:00PM,,,,,,,"1,2,3,4,5,6,7",1,,Non Veg Starters,,,,,,,,
RAJ HOTEL,Nattukozhi Varuval,,158,,,,0,Non Veg,12:00PM,10:00PM,,,,,,,"1,2,3,4,5,6,7",1,,Non Veg Starters,,,,,,,,
RAJ HOTEL,Nattukozhi Uppukari,,158,,,,0,Non Veg,12:00PM,10:00PM,,,,,,,"1,2,3,4,5,6,7",1,,Non Veg Starters,,,,,,,,
RAJ HOTEL,Mutton Pepper Fry,,210,,,,0,Non Veg,12:00PM,10:00PM,,,,,,,"1,2,3,4,5,6,7",1,,Non Veg Starters,,,,,,,,
RAJ HOTEL,Mutton Chukka,,189,,,,0,Non Veg,12:00PM,10:00PM,,,,,,,"1,2,3,4,5,6,7",1,,Non Veg Starters,,,,,,,,
RAJ HOTEL,Kudal Fry,,189,,,,0,Non Veg,12:00PM,10:00PM,,,,,,,"1,2,3,4,5,6,7",1,,Non Veg Starters,,,,,,,,
RAJ HOTEL,Kudal Egg Fry,,231,,,,0,Non Veg,12:00PM,10:00PM,,,,,,,"1,2,3,4,5,6,7",1,,Non Veg Starters,,,,,,,,
RAJ HOTEL,Kaadai 65,,126,,,,0,Non Veg,12:00PM,10:00PM,,,,,,,"1,2,3,4,5,6,7",1,,Non Veg Starters,,,,,,,,
RAJ HOTEL,Kaadai Roast,,105,,,,0,Non Veg,12:00PM,10:00PM,,,,,,,"1,2,3,4,5,6,7",1,,Non Veg Starters,,,,,,,,
RAJ HOTEL,Fish 65,,126,,,,0,Non Veg,12:00PM,10:00PM,,,,,,,"1,2,3,4,5,6,7",1,,Non Veg Starters,,,,,,,,
RAJ HOTEL,Fish Chillly,,126,,,,0,Non Veg,12:00PM,10:00PM,,,,,,,"1,2,3,4,5,6,7",1,,Non Veg Starters,,,,,,,,
RAJ HOTEL,Fish Manchurian,,147,,,,0,Non Veg,12:00PM,10:00PM,,,,,,,"1,2,3,4,5,6,7",1,,Non Veg Starters,,,,,,,,
RAJ HOTEL,Fish Fry,,158,,,,0,Non Veg,12:00PM,10:00PM,,,,,,,"1,2,3,4,5,6,7",1,,Non Veg Starters,,,,,,,,
RAJ HOTEL,Nethili 65,,158,,,,0,Non Veg,12:00PM,10:00PM,,,,,,,"1,2,3,4,5,6,7",1,,Non Veg Starters,,,,,,,,
RAJ HOTEL,Nethili Hot Pepper ,,179,,,,0,Non Veg,12:00PM,10:00PM,,,,,,,"1,2,3,4,5,6,7",1,,Non Veg Starters,,,,,,,,
RAJ HOTEL,Prawn 65,,158,,,,0,Non Veg,12:00PM,10:00PM,,,,,,,"1,2,3,4,5,6,7",1,,Non Veg Starters,,,,,,,,
RAJ HOTEL,Prawn Chilly,,189,,,,0,Non Veg,12:00PM,10:00PM,,,,,,,"1,2,3,4,5,6,7",1,,Non Veg Starters,,,,,,,,
RAJ HOTEL,Prawn Manchurian,,189,,,,0,Non Veg,12:00PM,10:00PM,,,,,,,"1,2,3,4,5,6,7",1,,Non Veg Starters,,,,,,,,
RAJ HOTEL,Prawn Pepper Fry,,189,,,,0,Non Veg,12:00PM,10:00PM,,,,,,,"1,2,3,4,5,6,7",1,,Non Veg Starters,,,,,,,,
RAJ HOTEL,Gobi 65,,63,,,,0,Veg,12:00PM,10:00PM,,,,,,,"1,2,3,4,5,6,7",1,,Veg Starters,,,,,,,,
RAJ HOTEL,Gobi Chilly,,84,,,,0,Veg,12:00PM,10:00PM,,,,,,,"1,2,3,4,5,6,7",1,,Veg Starters,,,,,,,,
RAJ HOTEL,Gobi Manchurian,,105,,,,0,Veg,12:00PM,10:00PM,,,,,,,"1,2,3,4,5,6,7",1,,Veg Starters,,,,,,,,
RAJ HOTEL,Mushroom 65,,84,,,,0,Veg,12:00PM,10:00PM,,,,,,,"1,2,3,4,5,6,7",1,,Veg Starters,,,,,,,,
RAJ HOTEL,Mushroom Chilly,,126,,,,0,Veg,12:00PM,10:00PM,,,,,,,"1,2,3,4,5,6,7",1,,Veg Starters,,,,,,,,
RAJ HOTEL,Mushroom Manchurian,,126,,,,0,Veg,12:00PM,10:00PM,,,,,,,"1,2,3,4,5,6,7",1,,Veg Starters,,,,,,,,
RAJ HOTEL,Paneer 65,,84,,,,0,Veg,12:00PM,10:00PM,,,,,,,"1,2,3,4,5,6,7",1,,Veg Starters,,,,,,,,
RAJ HOTEL,Paneer Chilly,,126,,,,0,Veg,12:00PM,10:00PM,,,,,,,"1,2,3,4,5,6,7",1,,Veg Starters,,,,,,,,
RAJ HOTEL,Paneer Manchurian,,126,,,,0,Veg,12:00PM,10:00PM,,,,,,,"1,2,3,4,5,6,7",1,,Veg Starters,,,,,,,,
RAJ HOTEL,Babycorn 65,,84,,,,0,Veg,12:00PM,10:00PM,,,,,,,"1,2,3,4,5,6,7",1,,Veg Starters,,,,,,,,
RAJ HOTEL,Babycorn Chilly,,126,,,,0,Veg,12:00PM,10:00PM,,,,,,,"1,2,3,4,5,6,7",1,,Veg Starters,,,,,,,,
RAJ HOTEL,Babycorn Manchurian,,126,,,,0,Veg,12:00PM,10:00PM,,,,,,,"1,2,3,4,5,6,7",1,,Veg Starters,,,,,,,,
RAJ HOTEL,Gobi Pepper Fry ,,126,,,,0,Veg,12:00PM,10:00PM,,,,,,,"1,2,3,4,5,6,7",1,,Veg Starters,,,,,,,,
RAJ HOTEL,Mushroom Pepper Fry,,126,,,,0,Veg,12:00PM,10:00PM,,,,,,,"1,2,3,4,5,6,7",1,,Veg Starters,,,,,,,,
RAJ HOTEL,Paneer Pepper Fry,,126,,,,0,Veg,12:00PM,10:00PM,,,,,,,"1,2,3,4,5,6,7",1,,Veg Starters,,,,,,,,
RAJ HOTEL,Babycorn Papeer Fry,,126,,,,0,Veg,12:00PM,10:00PM,,,,,,,"1,2,3,4,5,6,7",1,,Veg Starters,,,,,,,,
RAJ HOTEL,Babycorn Bombay,,158,,,,0,Veg,12:00PM,10:00PM,,,,,,,"1,2,3,4,5,6,7",1,,Veg Starters,,,,,,,,
RAJ HOTEL,Babycorn Ooty,,158,,,,0,Veg,12:00PM,10:00PM,,,,,,,"1,2,3,4,5,6,7",1,,Veg Starters,,,,,,,,
RAJ HOTEL,Mushroom Bombay,,158,,,,0,Veg,12:00PM,10:00PM,,,,,,,"1,2,3,4,5,6,7",1,,Veg Starters,,,,,,,,
RAJ HOTEL,Mushroom Ooty,,158,,,,0,Veg,12:00PM,10:00PM,,,,,,,"1,2,3,4,5,6,7",1,,Veg Starters,,,,,,,,
RAJ HOTEL,Mix Veg Fry,,126,,,,0,Veg,12:00PM,10:00PM,,,,,,,"1,2,3,4,5,6,7",1,,Veg Starters,,,,,,,,
RAJ HOTEL,French Fries,,74,,,,0,Veg,12:00PM,10:00PM,,,,,,,"1,2,3,4,5,6,7",1,,Veg Starters,,,,,,,,
RAJ HOTEL,Veg Spring Roll,,105,,,,0,Veg,12:00PM,10:00PM,,,,,,,"1,2,3,4,5,6,7",1,,Veg Starters,,,,,,,,
RAJ HOTEL,Gobi Manchurian Gravy,,126,,,,0,Veg,12:00PM,10:00PM,,,,,,,"1,2,3,4,5,6,7",1,,Veg Gravys,,,,,,,,
RAJ HOTEL,Gobi Masala,,137,,,,0,Veg,12:00PM,10:00PM,,,,,,,"1,2,3,4,5,6,7",1,,Veg Gravys,,,,,,,,
RAJ HOTEL,Mushroom Manchurian Gravy,,126,,,,0,Veg,12:00PM,10:00PM,,,,,,,"1,2,3,4,5,6,7",1,,Veg Gravys,,,,,,,,
RAJ HOTEL,Mushroom Masala,,137,,,,0,Veg,12:00PM,10:00PM,,,,,,,"1,2,3,4,5,6,7",1,,Veg Gravys,,,,,,,,
RAJ HOTEL,Paneer Manchurian Gravy,,137,,,,0,Veg,12:00PM,10:00PM,,,,,,,"1,2,3,4,5,6,7",1,,Veg Gravys,,,,,,,,
RAJ HOTEL,Paneer Masala,,158,,,,0,Veg,12:00PM,10:00PM,,,,,,,"1,2,3,4,5,6,7",1,,Veg Gravys,,,,,,,,
RAJ HOTEL,Babycorn Manchurian Gravy,,137,,,,0,Veg,12:00PM,10:00PM,,,,,,,"1,2,3,4,5,6,7",1,,Veg Gravys,,,,,,,,
RAJ HOTEL,Babycorn Masala,,158,,,,0,Veg,12:00PM,10:00PM,,,,,,,"1,2,3,4,5,6,7",1,,Veg Gravys,,,,,,,,
RAJ HOTEL,Mix Veg Curry,,158,,,,0,Veg,12:00PM,10:00PM,,,,,,,"1,2,3,4,5,6,7",1,,Veg Gravys,,,,,,,,
RAJ HOTEL,Paneer Butter Masala,,158,,,,0,Veg,12:00PM,10:00PM,,,,,,,"1,2,3,4,5,6,7",1,,Veg Gravys,,,,,,,,
RAJ HOTEL,Kadai Vegetable,,158,,,,0,Veg,12:00PM,10:00PM,,,,,,,"1,2,3,4,5,6,7",1,,Veg Gravys,,,,,,,,
RAJ HOTEL,Aloo Gobi Masala,,158,,,,0,Veg,12:00PM,10:00PM,,,,,,,"1,2,3,4,5,6,7",1,,Veg Gravys,,,,,,,,
RAJ HOTEL,Green Peas Masala,,126,,,,0,Veg,12:00PM,10:00PM,,,,,,,"1,2,3,4,5,6,7",1,,Veg Gravys,,,,,,,,
RAJ HOTEL,Channa Masala,,126,,,,0,Veg,12:00PM,10:00PM,,,,,,,"1,2,3,4,5,6,7",1,,Veg Gravys,,,,,,,,
RAJ HOTEL,Chicken Chettinad Gravy,,158,,,,0,Non Veg,12:00PM,10:00PM,,,,,,,"1,2,3,4,5,6,7",1,,Non Veg Gravys,,,,,,,,
RAJ HOTEL,Papper Chicken Gravy,,147,,,,0,Non Veg,12:00PM,10:00PM,,,,,,,"1,2,3,4,5,6,7",1,,Non Veg Gravys,,,,,,,,
RAJ HOTEL,Kadai Chicken Gravy,,147,,,,0,Non Veg,12:00PM,10:00PM,,,,,,,"1,2,3,4,5,6,7",1,,Non Veg Gravys,,,,,,,,
RAJ HOTEL,Butter Chicken Masala,,158,,,,0,Non Veg,12:00PM,10:00PM,,,,,,,"1,2,3,4,5,6,7",1,,Non Veg Gravys,,,,,,,,
RAJ HOTEL,Chicken Gravy,,126,,,,0,Non Veg,12:00PM,10:00PM,,,,,,,"1,2,3,4,5,6,7",1,,Non Veg Gravys,,,,,,,,
RAJ HOTEL,Egg Masala,,84,,,,0,Non Veg,12:00PM,10:00PM,,,,,,,"1,2,3,4,5,6,7",1,,Non Veg Gravys,,,,,,,,
RAJ HOTEL,Nattukozhi Gravy,,126,,,,0,Non Veg,12:00PM,10:00PM,,,,,,,"1,2,3,4,5,6,7",1,,Non Veg Gravys,,,,,,,,
RAJ HOTEL,Nattukozhi Chettinad Gravy,,210,,,,0,Non Veg,12:00PM,10:00PM,,,,,,,"1,2,3,4,5,6,7",1,,Non Veg Gravys,,,,,,,,
RAJ HOTEL,Mutton Chettinad Gravy,,231,,,,0,Non Veg,12:00PM,10:00PM,,,,,,,"1,2,3,4,5,6,7",1,,Non Veg Gravys,,,,,,,,
RAJ HOTEL,Mutton Gravy,,210,,,,0,Non Veg,12:00PM,10:00PM,,,,,,,"1,2,3,4,5,6,7",1,,Non Veg Gravys,,,,,,,,
RAJ HOTEL,Kudal Gravy,,189,,,,0,Non Veg,12:00PM,10:00PM,,,,,,,"1,2,3,4,5,6,7",1,,Non Veg Gravys,,,,,,,,
RAJ HOTEL,Fish Curry,,126,,,,0,Non Veg,12:00PM,10:00PM,,,,,,,"1,2,3,4,5,6,7",1,,Non Veg Gravys,,,,,,,,
RAJ HOTEL,Prawn Masala,,158,,,,0,Non Veg,12:00PM,10:00PM,,,,,,,"1,2,3,4,5,6,7",1,,Non Veg Gravys,,,,,,,,
RAJ HOTEL,Kaadai Gravy,,147,,,,0,Non Veg,12:00PM,10:00PM,,,,,,,"1,2,3,4,5,6,7",1,,Non Veg Gravys,,,,,,,,
RAJ HOTEL,Crab Masala,,158,,,,0,Non Veg,12:00PM,10:00PM,,,,,,,"1,2,3,4,5,6,7",1,,Non Veg Gravys,,,,,,,,
RAJ HOTEL,Veg Fried Rice,,84,,,,0,Veg,12:00PM,10:00PM,,,,,,,"1,2,3,4,5,6,7",1,,Fried Rice,,,,,,,,
RAJ HOTEL,Veg Schezwan Fried Rice,,105,,,,0,Veg,12:00PM,10:00PM,,,,,,,"1,2,3,4,5,6,7",1,,Fried Rice,,,,,,,,
RAJ HOTEL,Ghee Rice,,147,,,,0,Veg,12:00PM,10:00PM,,,,,,,"1,2,3,4,5,6,7",1,,Fried Rice,,,,,,,,
RAJ HOTEL,Veg Pulao,,158,,,,0,Veg,12:00PM,10:00PM,,,,,,,"1,2,3,4,5,6,7",1,,Fried Rice,,,,,,,,
RAJ HOTEL,Jeera Pulav,,158,,,,0,Veg,12:00PM,10:00PM,,,,,,,"1,2,3,4,5,6,7",1,,Fried Rice,,,,,,,,
RAJ HOTEL,Paneer Pulao,,158,,,,0,Veg,12:00PM,10:00PM,,,,,,,"1,2,3,4,5,6,7",1,,Fried Rice,,,,,,,,
RAJ HOTEL,Green Peas Pulao,,158,,,,0,Veg,12:00PM,10:00PM,,,,,,,"1,2,3,4,5,6,7",1,,Fried Rice,,,,,,,,
RAJ HOTEL,Garlic Rice,,137,,,,0,Veg,12:00PM,10:00PM,,,,,,,"1,2,3,4,5,6,7",1,,Fried Rice,,,,,,,,
RAJ HOTEL,Jeera Rice,,126,,,,0,Veg,12:00PM,10:00PM,,,,,,,"1,2,3,4,5,6,7",1,,Fried Rice,,,,,,,,
RAJ HOTEL,Gobi Fried Rice,,126,,,,0,Veg,12:00PM,10:00PM,,,,,,,"1,2,3,4,5,6,7",1,,Fried Rice,,,,,,,,
RAJ HOTEL,Gobi Schezwan Fried Rice,,137,,,,0,Veg,12:00PM,10:00PM,,,,,,,"1,2,3,4,5,6,7",1,,Fried Rice,,,,,,,,
RAJ HOTEL,Mushroom  Fried Rice,,126,,,,0,Veg,12:00PM,10:00PM,,,,,,,"1,2,3,4,5,6,7",1,,Fried Rice,,,,,,,,
RAJ HOTEL,Mushroom Schezwan Fried Rice,,137,,,,0,Veg,12:00PM,10:00PM,,,,,,,"1,2,3,4,5,6,7",1,,Fried Rice,,,,,,,,
RAJ HOTEL,Panner Fried Rice,,126,,,,0,Veg,12:00PM,10:00PM,,,,,,,"1,2,3,4,5,6,7",1,,Fried Rice,,,,,,,,
RAJ HOTEL,Paneer Schezwan Fried Rice,,137,,,,0,Veg,12:00PM,10:00PM,,,,,,,"1,2,3,4,5,6,7",1,,Fried Rice,,,,,,,,
RAJ HOTEL,Babycorn Fried Rice,,126,,,,0,Veg,12:00PM,10:00PM,,,,,,,"1,2,3,4,5,6,7",1,,Fried Rice,,,,,,,,
RAJ HOTEL,Babycorn Schezwan Fried Rice,,137,,,,0,Veg,12:00PM,10:00PM,,,,,,,"1,2,3,4,5,6,7",1,,Fried Rice,,,,,,,,
RAJ HOTEL,Egg Fried Rice,,105,,,,0,Non Veg,12:00PM,10:00PM,,,,,,,"1,2,3,4,5,6,7",1,,Fried Rice,,,,,,,,
RAJ HOTEL,Egg Schezwan Fried Rice,,126,,,,0,Non Veg,12:00PM,10:00PM,,,,,,,"1,2,3,4,5,6,7",1,,Fried Rice,,,,,,,,
RAJ HOTEL,Chicken Fried Rice,,126,,,,0,Non Veg,12:00PM,10:00PM,,,,,,,"1,2,3,4,5,6,7",1,,Fried Rice,,,,,,,,
RAJ HOTEL,Chicken Schezwan Fried Rice,,137,,,,0,Non Veg,12:00PM,10:00PM,,,,,,,"1,2,3,4,5,6,7",1,,Fried Rice,,,,,,,,
RAJ HOTEL,Mutton Fried Rice,,189,,,,0,Non Veg,12:00PM,10:00PM,,,,,,,"1,2,3,4,5,6,7",1,,Fried Rice,,,,,,,,
RAJ HOTEL,Muttom Schezwan Fried Rice,,210,,,,0,Non Veg,12:00PM,10:00PM,,,,,,,"1,2,3,4,5,6,7",1,,Fried Rice,,,,,,,,
RAJ HOTEL,Mixed Fried Rice,,179,,,,0,Non Veg,12:00PM,10:00PM,,,,,,,"1,2,3,4,5,6,7",1,,Fried Rice,,,,,,,,
RAJ HOTEL,Mixed Schezwan Fried Rice,,189,,,,0,Non Veg,12:00PM,10:00PM,,,,,,,"1,2,3,4,5,6,7",1,,Fried Rice,,,,,,,,
RAJ HOTEL,Prawn Fried Rice,,137,,,,0,Non Veg,12:00PM,10:00PM,,,,,,,"1,2,3,4,5,6,7",1,,Fried Rice,,,,,,,,
RAJ HOTEL,Prawn Schezwan Fried Rice,,147,,,,0,Non Veg,12:00PM,10:00PM,,,,,,,"1,2,3,4,5,6,7",1,,Fried Rice,,,,,,,,
RAJ HOTEL,Fish Fried Rice,,126,,,,0,Non Veg,12:00PM,10:00PM,,,,,,,"1,2,3,4,5,6,7",1,,Fried Rice,,,,,,,,
RAJ HOTEL,Fish Schezwan Fried Rice,,137,,,,0,Non Veg,12:00PM,10:00PM,,,,,,,"1,2,3,4,5,6,7",1,,Fried Rice,,,,,,,,
RAJ HOTEL,Veg Noodles,,84,,,,0,Veg,12:00PM,10:00PM,,,,,,,"1,2,3,4,5,6,7",1,,Noodles,,,,,,,,
RAJ HOTEL,Veg Schezwan Noodles,,105,,,,0,Veg,12:00PM,10:00PM,,,,,,,"1,2,3,4,5,6,7",1,,Noodles,,,,,,,,
RAJ HOTEL,Gobi Noodles,,126,,,,0,Veg,12:00PM,10:00PM,,,,,,,"1,2,3,4,5,6,7",1,,Noodles,,,,,,,,
RAJ HOTEL,Gobi Schezwan Noodles,,137,,,,0,Veg,12:00PM,10:00PM,,,,,,,"1,2,3,4,5,6,7",1,,Noodles,,,,,,,,
RAJ HOTEL,Mushroom Noodles,,126,,,,0,Veg,12:00PM,10:00PM,,,,,,,"1,2,3,4,5,6,7",1,,Noodles,,,,,,,,
RAJ HOTEL,Mushroom Schezwan Noodles,,137,,,,0,Veg,12:00PM,10:00PM,,,,,,,"1,2,3,4,5,6,7",1,,Noodles,,,,,,,,
RAJ HOTEL,Paneer Noodles,,126,,,,0,Veg,12:00PM,10:00PM,,,,,,,"1,2,3,4,5,6,7",1,,Noodles,,,,,,,,
RAJ HOTEL,Paneer Schezwan Noodles,,137,,,,0,Veg,12:00PM,10:00PM,,,,,,,"1,2,3,4,5,6,7",1,,Noodles,,,,,,,,
RAJ HOTEL,Babycorn Noodles,,126,,,,0,Veg,12:00PM,10:00PM,,,,,,,"1,2,3,4,5,6,7",1,,Noodles,,,,,,,,
RAJ HOTEL,Baby Schezwan Noodles,,137,,,,0,Veg,12:00PM,10:00PM,,,,,,,"1,2,3,4,5,6,7",1,,Noodles,,,,,,,,
RAJ HOTEL,Egg Noodles,,105,,,,0,Non Veg,12:00PM,10:00PM,,,,,,,"1,2,3,4,5,6,7",1,,Noodles,,,,,,,,
RAJ HOTEL,Egg Schezwan Noodles,,126,,,,0,Non Veg,12:00PM,10:00PM,,,,,,,"1,2,3,4,5,6,7",1,,Noodles,,,,,,,,
RAJ HOTEL,Chicken Noodles,,126,,,,0,Non Veg,12:00PM,10:00PM,,,,,,,"1,2,3,4,5,6,7",1,,Noodles,,,,,,,,
RAJ HOTEL,Chicken Schezwan Noodles,,137,,,,0,Non Veg,12:00PM,10:00PM,,,,,,,"1,2,3,4,5,6,7",1,,Noodles,,,,,,,,
RAJ HOTEL,Mutton Noodles,,189,,,,0,Non Veg,12:00PM,10:00PM,,,,,,,"1,2,3,4,5,6,7",1,,Noodles,,,,,,,,
RAJ HOTEL,Mutton Schezwan Noodles,,210,,,,0,Non Veg,12:00PM,10:00PM,,,,,,,"1,2,3,4,5,6,7",1,,Noodles,,,,,,,,
RAJ HOTEL,Mixed Noodles,,179,,,,0,Non Veg,12:00PM,10:00PM,,,,,,,"1,2,3,4,5,6,7",1,,Noodles,,,,,,,,
RAJ HOTEL,Mixed Schezwan Noodles,,189,,,,0,Non Veg,12:00PM,10:00PM,,,,,,,"1,2,3,4,5,6,7",1,,Noodles,,,,,,,,
RAJ HOTEL,Prawn Noodles,,137,,,,0,Non Veg,12:00PM,10:00PM,,,,,,,"1,2,3,4,5,6,7",1,,Noodles,,,,,,,,
RAJ HOTEL,Prawn Schezwan Noodles,,147,,,,0,Non Veg,12:00PM,10:00PM,,,,,,,"1,2,3,4,5,6,7",1,,Noodles,,,,,,,,
RAJ HOTEL,Fish Noodles,,126,,,,0,Non Veg,12:00PM,10:00PM,,,,,,,"1,2,3,4,5,6,7",1,,Noodles,,,,,,,,
RAJ HOTEL,Fish Schezwan Noodles,,137,,,,0,Non Veg,12:00PM,10:00PM,,,,,,,"1,2,3,4,5,6,7",1,,Noodles,,,,,,,,
RAJ HOTEL,Parotta 2 Pcs,,32,,,,0,Veg,12:00PM,10:00PM,,,,,,,"1,2,3,4,5,6,7",1,,Indian Breads,,,,,,,,
RAJ HOTEL,Nool Parotta ,,27,,,,0,Veg,12:00PM,10:00PM,,,,,,,"1,2,3,4,5,6,7",1,,Indian Breads,,,,,,,,
RAJ HOTEL,Bun Parotta,,32,,,,0,Veg,12:00PM,10:00PM,,,,,,,"1,2,3,4,5,6,7",1,,Indian Breads,,,,,,,,
RAJ HOTEL,Japan Crispy Parotta,,126,,,,0,Veg,12:00PM,10:00PM,,,,,,,"1,2,3,4,5,6,7",1,,Indian Breads,,,,,,,,
RAJ HOTEL,Coin Parota ,,53,,,,0,Veg,12:00PM,10:00PM,,,,,,,"1,2,3,4,5,6,7",1,,Indian Breads,,,,,,,,
RAJ HOTEL,Virudhunagar Parotta 2 Nos,,32,,,,0,Veg,12:00PM,10:00PM,,,,,,,"1,2,3,4,5,6,7",1,,Indian Breads,,,,,,,,
RAJ HOTEL,Mushroom Stuffed Parotta ,,126,,,,0,Veg,12:00PM,10:00PM,,,,,,,"1,2,3,4,5,6,7",1,,Indian Breads,,,,,,,,
RAJ HOTEL,Gobi Stuffed Parotta ,,126,,,,0,Veg,12:00PM,10:00PM,,,,,,,"1,2,3,4,5,6,7",1,,Indian Breads,,,,,,,,
RAJ HOTEL,Paneer Stuffed Parotta ,,126,,,,0,Veg,12:00PM,10:00PM,,,,,,,"1,2,3,4,5,6,7",1,,Indian Breads,,,,,,,,
RAJ HOTEL,Chilly Parotta,,126,,,,0,Veg,12:00PM,10:00PM,,,,,,,"1,2,3,4,5,6,7",1,,Indian Breads,,,,,,,,
RAJ HOTEL,Veechu Parotta,,32,,,,0,Veg,12:00PM,10:00PM,,,,,,,"1,2,3,4,5,6,7",1,,Indian Breads,,,,,,,,
RAJ HOTEL,Chapathi 2 Pcs,,42,,,,0,Veg,12:00PM,10:00PM,,,,,,,"1,2,3,4,5,6,7",1,,Indian Breads,,,,,,,,
RAJ HOTEL,Egg Veechu Parotta,,42,,,,0,Non Veg,12:00PM,10:00PM,,,,,,,"1,2,3,4,5,6,7",1,,Indian Breads,,,,,,,,
RAJ HOTEL,Egg Kothu Parotta,,84,,,,0,Non Veg,12:00PM,10:00PM,,,,,,,"1,2,3,4,5,6,7",1,,Indian Breads,,,,,,,,
RAJ HOTEL,Chicken Parotta,,158,,,,0,Non Veg,12:00PM,10:00PM,,,,,,,"1,2,3,4,5,6,7",1,,Indian Breads,,,,,,,,
RAJ HOTEL,Mutton Parotta,,189,,,,0,Non Veg,12:00PM,10:00PM,,,,,,,"1,2,3,4,5,6,7",1,,Indian Breads,,,,,,,,
RAJ HOTEL,Vaalai Ilai Veg Parotta,,158,,,,0,Non Veg,12:00PM,10:00PM,,,,,,,"1,2,3,4,5,6,7",1,,Indian Breads,,,,,,,,
RAJ HOTEL,Vaalai Ilai Chicken Parotta,,189,,,,0,Non Veg,12:00PM,10:00PM,,,,,,,"1,2,3,4,5,6,7",1,,Indian Breads,,,,,,,,
RAJ HOTEL,Vaalai Ilai Mutton Parotta,,231,,,,0,Non Veg,12:00PM,10:00PM,,,,,,,"1,2,3,4,5,6,7",1,,Indian Breads,,,,,,,,
RAJ HOTEL,Vaalai Ilai Nattukozhi Parotta,,210,,,,0,Non Veg,12:00PM,10:00PM,,,,,,,"1,2,3,4,5,6,7",1,,Indian Breads,,,,,,,,
RAJ HOTEL,Vaalai Ilai Kudal Set Parotta,,210,,,,0,Non Veg,12:00PM,10:00PM,,,,,,,"1,2,3,4,5,6,7",1,,Indian Breads,,,,,,,,
RAJ HOTEL,Egg Stuffed Parotta,,105,,,,0,Non Veg,12:00PM,10:00PM,,,,,,,"1,2,3,4,5,6,7",1,,Indian Breads,,,,,,,,
RAJ HOTEL,Chicken Stuffed Parotta,,158,,,,0,Non Veg,12:00PM,10:00PM,,,,,,,"1,2,3,4,5,6,7",1,,Indian Breads,,,,,,,,
RAJ HOTEL,Mutton Stuffed Parotta,,210,,,,0,Non Veg,12:00PM,10:00PM,,,,,,,"1,2,3,4,5,6,7",1,,Indian Breads,,,,,,,,
